Applicant ID,Age,Income,Employment Type,Credit Score,Loan Amount,Tenure (Months),Existing Liabilities,Location,Application Timestamp
APP-2026-000001,50,32512,Self-Employed,591,65000,252,2000,"Las Vegas, NV",2026-03-13 11:14:08.857377
APP-2026-000002,48,45398,Self-Employed,760,70000,288,22000,"Las Vegas, NV",2026-05-21 09:37:27.857377
APP-2026-000003,39,56052,Salaried,634,200000,24,13000,"San Antonio, TX",2026-03-02 16:38:01.857377
APP-2026-000004,33,69783,Salaried,558,185000,216,14000,"Miami, FL",2026-06-30 16:26:14.857377
APP-2026-000005,62,30314,Salaried,850,50000,180,9000,"Nashville, TN",2026-01-03 20:51:10.857377
APP-2026-000006,49,30000,Salaried,755,125000,276,7000,"Dallas, TX",2026-02-10 11:48:21.857377
APP-2026-000007,44,30000,Salaried,661,120000,48,5000,"Houston, TX",2026-04-03 13:38:16.857377
APP-2026-000008,49,335256,Salaried,775,1800000,312,133000,"Charlotte, NC",2026-05-19 09:59:24.857377
APP-2026-000009,53,41651,Salaried,599,105000,36,17000,"Detroit, MI",2026-06-11 17:56:55.857377
APP-2026-000010,26,30000,Self-Employed,609,60000,144,12000,"Atlanta, GA",2026-01-19 08:42:14.857377
APP-2026-000011,36,59239,Salaried,726,260000,300,23000,"Chicago, IL",2026-03-02 09:24:17.857377
APP-2026-000012,55,30769,Salaried,630,150000,180,10000,"Jacksonville, FL",2026-02-12 13:22:13.857377
APP-2026-000013,39,31303,Salaried,774,125000,264,14000,"Baltimore, MD",2026-06-25 18:04:38.857377
APP-2026-000014,34,30000,Self-Employed,673,135000,252,9000,"Las Vegas, NV",2026-03-05 10:29:24.857377
APP-2026-000015,44,126971,Self-Employed,648,245000,108,0,"Miami, FL",2026-06-27 16:14:43.857377
APP-2026-000016,44,38934,Salaried,656,135000,132,0,"Washington, DC",2026-01-16 11:52:02.857377
APP-2026-000017,42,48324,Salaried,616,85000,312,8000,"Dallas, TX",2026-01-18 11:58:36.857377
APP-2026-000018,53,54239,Freelancer,772,255000,348,0,"San Antonio, TX",2026-06-18 15:25:56.857377
APP-2026-000019,61,41791,Freelancer,623,100000,360,10000,"Phoenix, AZ",2026-03-10 10:15:47.857377
APP-2026-000020,41,46022,Salaried,700,160000,216,10000,"Las Vegas, NV",2026-05-31 14:57:37.857377
APP-2026-000021,40,30000,Salaried,667,105000,156,10000,"Phoenix, AZ",2026-05-12 15:05:48.857377
APP-2026-000022,49,44624,Business Owner,674,110000,24,0,"Phoenix, AZ",2026-06-11 10:50:43.857377
APP-2026-000023,21,35553,Salaried,688,120000,168,2000,"Fort Worth, TX",2026-04-09 17:29:33.857377
APP-2026-000024,39,53220,Salaried,659,110000,108,0,"Minneapolis, MN",2026-01-04 18:46:07.857377
APP-2026-000025,49,36101,Salaried,771,85000,264,0,"Washington, DC",2026-03-11 20:41:21.857377
APP-2026-000026,54,30000,Self-Employed,790,120000,48,8000,"Philadelphia, PA",2026-04-28 08:46:56.857377
APP-2026-000027,33,30000,Salaried,816,50000,288,8000,"Indianapolis, IN",2026-02-16 16:58:06.857377
APP-2026-000028,55,61039,Salaried,582,260000,336,13000,"Detroit, MI",2026-06-14 16:38:12.857377
APP-2026-000029,35,30000,Business Owner,651,120000,60,12000,"Philadelphia, PA",2026-05-20 20:59:33.857377
APP-2026-000030,51,108132,Salaried,850,200000,360,49000,"Austin, TX",2026-05-07 08:07:59.857377
APP-2026-000031,48,67877,Salaried,783,345000,144,0,"Detroit, MI",2026-03-21 11:03:15.857377
APP-2026-000032,34,44373,Self-Employed,707,80000,348,5000,"Chicago, IL",2026-01-23 19:31:52.857377
APP-2026-000033,47,71533,Salaried,703,105000,36,0,"Seattle, WA",2026-02-03 10:42:30.857377
APP-2026-000034,36,41767,Self-Employed,582,170000,216,6000,"Indianapolis, IN",2026-06-06 14:13:59.857377
APP-2026-000035,33,68163,Salaried,741,330000,216,0,"Atlanta, GA",2026-02-22 19:19:25.857377
APP-2026-000036,60,70097,Salaried,831,205000,264,11000,"Charlotte, NC",2026-05-14 15:07:15.857377
APP-2026-000037,55,30000,Self-Employed,681,110000,96,8000,"New York, NY",2026-06-01 16:14:37.857377
APP-2026-000038,62,59906,Salaried,611,95000,96,20000,"Atlanta, GA",2026-06-12 08:14:04.857377
APP-2026-000039,43,65661,Business Owner,612,320000,348,12000,"Austin, TX",2026-01-20 16:15:17.857377
APP-2026-000040,26,43099,Business Owner,580,180000,264,13000,"Seattle, WA",2026-02-04 19:59:56.857377
APP-2026-000041,47,30000,Business Owner,684,150000,228,11000,"San Diego, CA",2026-05-03 20:26:12.857377
APP-2026-000042,31,86373,Salaried,764,230000,48,35000,"Columbus, OH",2026-04-02 14:26:29.857377
APP-2026-000043,48,44612,Business Owner,721,205000,336,0,"Portland, OR",2026-06-18 18:06:03.857377
APP-2026-000044,75,105314,Freelancer,759,530000,156,0,"Nashville, TN",2026-01-29 11:12:12.857377
APP-2026-000045,31,30000,Salaried,641,100000,216,8000,"Columbus, OH",2026-02-17 12:29:15.857377
APP-2026-000046,45,62881,Salaried,550,100000,336,0,"Charlotte, NC",2026-05-22 09:03:41.857377
APP-2026-000047,39,86782,Salaried,804,205000,216,0,"Chicago, IL",2026-03-03 10:26:31.857377
APP-2026-000048,46,30000,Salaried,697,105000,192,8000,"Fort Worth, TX",2026-01-17 10:24:00.857377
APP-2026-000049,61,70474,Business Owner,517,325000,156,12000,"Nashville, TN",2026-04-28 12:27:44.857377
APP-2026-000050,47,30000,Salaried,670,160000,288,0,"Seattle, WA",2026-06-20 19:31:09.857377
APP-2026-000051,51,72591,Salaried,653,180000,84,21000,"Los Angeles, CA",2026-05-30 19:34:03.857377
APP-2026-000052,41,77366,Salaried,781,410000,288,29000,"Los Angeles, CA",2026-05-31 15:32:58.857377
APP-2026-000053,70,82948,Salaried,621,375000,336,4000,"Los Angeles, CA",2026-05-12 09:54:11.857377
APP-2026-000054,29,30034,Salaried,829,100000,36,7000,"Portland, OR",2026-03-03 14:07:56.857377
APP-2026-000055,41,30000,Salaried,803,50000,228,6000,"Boston, MA",2026-01-12 17:05:26.857377
APP-2026-000056,60,38055,Freelancer,850,155000,264,4000,"Indianapolis, IN",2026-03-23 12:13:42.857377
APP-2026-000057,47,30000,Salaried,731,110000,276,6000,"Dallas, TX",2026-04-13 10:42:41.857377
APP-2026-000058,46,30000,Self-Employed,848,155000,120,6000,"Baltimore, MD",2026-01-20 08:29:39.857377
APP-2026-000059,48,30000,Salaried,750,50000,228,0,"Chicago, IL",2026-05-19 11:32:16.857377
APP-2026-000060,39,30000,Salaried,747,125000,60,0,"Memphis, TN",2026-01-19 11:23:18.857377
APP-2026-000061,55,46436,Self-Employed,629,100000,72,18000,"Seattle, WA",2026-07-01 12:39:51.857377
APP-2026-000062,55,30000,Freelancer,582,85000,252,14000,"Portland, OR",2026-05-23 12:59:42.857377
APP-2026-000063,42,87467,Freelancer,647,445000,48,0,"Phoenix, AZ",2026-03-10 09:56:06.857377
APP-2026-000064,48,103195,Salaried,681,520000,288,23000,"Dallas, TX",2026-03-15 17:13:45.857377
APP-2026-000065,41,30000,Business Owner,687,120000,132,7000,"Miami, FL",2026-03-10 16:31:16.857377
APP-2026-000066,52,30000,Self-Employed,582,135000,348,0,"Los Angeles, CA",2026-01-25 18:27:53.857377
APP-2026-000067,52,60034,Salaried,624,220000,108,14000,"Austin, TX",2026-02-04 18:16:10.857377
APP-2026-000068,44,30000,Salaried,744,60000,288,11000,"Atlanta, GA",2026-04-21 16:00:07.857377
APP-2026-000069,35,44132,Salaried,645,210000,36,0,"Atlanta, GA",2026-02-09 16:02:53.857377
APP-2026-000070,47,30000,Salaried,698,160000,144,6000,"Phoenix, AZ",2026-04-22 10:02:19.857377
APP-2026-000071,58,30000,Business Owner,622,135000,144,0,"Nashville, TN",2026-01-12 13:13:43.857377
APP-2026-000072,42,30000,Business Owner,805,55000,96,8000,"Jacksonville, FL",2026-05-25 14:39:47.857377
APP-2026-000073,44,30000,Salaried,781,115000,60,0,"San Diego, CA",2026-02-12 20:51:11.857377
APP-2026-000074,54,33289,Salaried,712,165000,348,5000,"Philadelphia, PA",2026-03-28 20:59:26.857377
APP-2026-000075,45,79762,Business Owner,687,425000,312,22000,"Las Vegas, NV",2026-03-06 12:10:50.857377
APP-2026-000076,35,115950,Salaried,756,460000,276,36000,"Minneapolis, MN",2026-01-11 15:14:12.857377
APP-2026-000077,43,79304,Self-Employed,612,265000,324,0,"Jacksonville, FL",2026-03-21 20:55:14.857377
APP-2026-000078,37,82957,Salaried,535,445000,96,40000,"San Antonio, TX",2026-04-14 13:17:55.857377
APP-2026-000079,49,162907,Salaried,725,350000,36,0,"Dallas, TX",2026-04-01 18:32:25.857377
APP-2026-000080,56,30000,Business Owner,826,145000,264,0,"Seattle, WA",2026-03-27 08:07:56.857377
APP-2026-000081,59,30000,Business Owner,703,90000,108,14000,"Dallas, TX",2026-01-11 09:38:27.857377
APP-2026-000082,31,45274,Salaried,702,140000,144,0,"Austin, TX",2026-04-23 17:32:07.857377
APP-2026-000083,43,34738,Freelancer,680,155000,156,0,"San Antonio, TX",2026-03-08 08:45:27.857377
APP-2026-000084,45,30000,Salaried,552,155000,12,9000,"Nashville, TN",2026-05-19 18:46:47.857377
APP-2026-000085,53,30000,Self-Employed,613,125000,288,8000,"Jacksonville, FL",2026-04-22 09:42:58.857377
APP-2026-000086,41,39810,Freelancer,804,145000,132,12000,"Portland, OR",2026-02-02 19:57:19.857377
APP-2026-000087,42,79004,Salaried,799,185000,204,8000,"Columbus, OH",2026-03-26 14:44:18.857377
APP-2026-000088,55,30000,Salaried,795,150000,216,6000,"Columbus, OH",2026-06-21 14:43:47.857377
APP-2026-000089,63,38533,Salaried,758,200000,348,4000,"Denver, CO",2026-03-20 14:35:53.857377
APP-2026-000090,48,35890,Salaried,743,115000,12,17000,"San Antonio, TX",2026-04-22 20:37:38.857377
APP-2026-000091,20,33816,Self-Employed,670,65000,252,3000,"Charlotte, NC",2026-04-25 18:13:32.857377
APP-2026-000092,44,30000,Salaried,719,150000,192,0,"Nashville, TN",2026-02-14 18:05:18.857377
APP-2026-000093,69,30000,Salaried,637,65000,204,2000,"Boston, MA",2026-03-28 09:52:48.857377
APP-2026-000094,35,33335,Salaried,597,95000,96,9000,"San Diego, CA",2026-02-21 10:01:02.857377
APP-2026-000095,43,37560,Freelancer,624,185000,96,0,"Boston, MA",2026-01-20 15:26:56.857377
APP-2026-000096,47,71760,Self-Employed,630,160000,252,10000,"Atlanta, GA",2026-06-29 14:31:25.857377
APP-2026-000097,41,30000,Self-Employed,629,130000,96,1000,"Atlanta, GA",2026-01-03 20:55:49.857377
APP-2026-000098,18,71762,Freelancer,600,250000,348,20000,"Columbus, OH",2026-02-27 10:51:44.857377
APP-2026-000099,43,30000,Self-Employed,615,90000,204,1000,"Seattle, WA",2026-03-06 09:29:08.857377
APP-2026-000100,34,30000,Salaried,627,55000,312,13000,"Indianapolis, IN",2026-05-25 17:20:48.857377
APP-2026-000101,65,73519,Freelancer,610,265000,348,23000,"Detroit, MI",2026-05-11 14:53:58.857377
APP-2026-000102,44,30000,Salaried,806,75000,216,6000,"Philadelphia, PA",2026-05-03 15:16:48.857377
APP-2026-000103,56,167298,Salaried,682,405000,96,0,"Dallas, TX",2026-05-15 15:40:15.857377
APP-2026-000104,46,30000,Salaried,641,75000,108,3000,"Atlanta, GA",2026-03-16 11:17:21.857377
APP-2026-000105,18,62800,Business Owner,660,335000,132,0,"Chicago, IL",2026-02-06 10:14:24.857377
APP-2026-000106,34,43908,Salaried,701,95000,276,15000,"San Antonio, TX",2026-01-18 14:26:21.857377
APP-2026-000107,46,66244,Self-Employed,754,145000,216,12000,"Los Angeles, CA",2026-02-23 14:24:57.857377
APP-2026-000108,35,45424,Salaried,460,85000,300,14000,"Atlanta, GA",2026-01-07 20:36:24.857377
APP-2026-000109,52,30000,Salaried,850,50000,192,6000,"Jacksonville, FL",2026-03-19 20:24:54.857377
APP-2026-000110,25,30000,Self-Employed,740,135000,348,0,"Columbus, OH",2026-05-19 19:47:34.857377
APP-2026-000111,36,254505,Salaried,726,1225000,312,123000,"San Diego, CA",2026-05-06 11:17:27.857377
APP-2026-000112,42,48869,Business Owner,631,105000,192,3000,"Austin, TX",2026-06-22 18:51:25.857377
APP-2026-000113,50,128554,Freelancer,707,295000,288,15000,"Charlotte, NC",2026-02-03 17:34:01.857377
APP-2026-000114,40,49789,Self-Employed,646,175000,360,10000,"Denver, CO",2026-06-20 08:05:41.857377
APP-2026-000115,41,77504,Freelancer,516,255000,168,14000,"Charlotte, NC",2026-02-17 08:16:24.857377
APP-2026-000116,32,36854,Salaried,814,185000,132,8000,"Austin, TX",2026-03-29 20:56:24.857377
APP-2026-000117,55,39202,Self-Employed,561,80000,108,0,"Detroit, MI",2026-04-19 12:53:05.857377
APP-2026-000118,58,54584,Self-Employed,779,275000,192,22000,"Seattle, WA",2026-01-15 13:14:41.857377
APP-2026-000119,39,30000,Salaried,800,150000,36,0,"Miami, FL",2026-01-12 20:01:15.857377
APP-2026-000120,49,83285,Salaried,639,405000,84,0,"Boston, MA",2026-02-10 11:08:30.857377
APP-2026-000121,41,30000,Freelancer,645,130000,264,11000,"San Antonio, TX",2026-05-01 19:16:49.857377
APP-2026-000122,38,110053,Self-Employed,760,275000,144,22000,"Boston, MA",2026-01-31 20:52:10.857377
APP-2026-000123,23,120190,Salaried,694,470000,120,6000,"New York, NY",2026-03-22 17:43:58.857377
APP-2026-000124,75,151105,Business Owner,727,650000,156,17000,"Atlanta, GA",2026-02-21 09:37:44.857377
APP-2026-000125,67,106546,Salaried,694,550000,324,26000,"Houston, TX",2026-06-29 20:19:54.857377
APP-2026-000126,46,276772,Salaried,721,475000,264,55000,"Houston, TX",2026-05-26 20:02:22.857377
APP-2026-000127,32,30000,Self-Employed,661,85000,216,11000,"Jacksonville, FL",2026-01-19 16:41:21.857377
APP-2026-000128,52,30000,Salaried,659,60000,12,0,"Detroit, MI",2026-05-07 09:27:23.857377
APP-2026-000129,44,30000,Salaried,661,110000,252,0,"Charlotte, NC",2026-02-10 14:11:46.857377
APP-2026-000130,53,30000,Business Owner,721,60000,204,0,"Dallas, TX",2026-06-08 20:58:34.857377
APP-2026-000131,35,31836,Business Owner,850,55000,300,12000,"Columbus, OH",2026-06-02 12:20:54.857377
APP-2026-000132,45,42551,Salaried,668,95000,96,0,"Chicago, IL",2026-03-14 15:15:48.857377
APP-2026-000133,44,30000,Self-Employed,791,95000,180,6000,"Portland, OR",2026-04-09 13:01:31.857377
APP-2026-000134,18,30000,Salaried,696,145000,336,14000,"San Francisco, CA",2026-02-25 13:51:16.857377
APP-2026-000135,28,30000,Self-Employed,651,60000,132,11000,"Boston, MA",2026-06-30 12:35:00.857377
APP-2026-000136,44,33813,Salaried,682,80000,204,0,"Chicago, IL",2026-03-04 19:26:31.857377
APP-2026-000137,46,32719,Salaried,582,60000,216,0,"Atlanta, GA",2026-05-03 18:45:31.857377
APP-2026-000138,53,69639,Freelancer,604,335000,180,0,"Chicago, IL",2026-03-18 11:25:44.857377
APP-2026-000139,64,30000,Salaried,727,50000,96,2000,"Denver, CO",2026-04-06 15:35:33.857377
APP-2026-000140,41,47141,Salaried,579,235000,144,19000,"Las Vegas, NV",2026-05-22 13:22:44.857377
APP-2026-000141,30,30000,Salaried,555,115000,180,7000,"Dallas, TX",2026-03-02 09:46:12.857377
APP-2026-000142,52,30000,Salaried,815,155000,132,11000,"Seattle, WA",2026-06-27 10:12:13.857377
APP-2026-000143,56,35427,Freelancer,650,90000,288,10000,"Las Vegas, NV",2026-06-01 20:33:38.857377
APP-2026-000144,44,30000,Salaried,739,145000,120,0,"Detroit, MI",2026-02-20 12:14:23.857377
APP-2026-000145,45,47957,Salaried,549,175000,72,16000,"Atlanta, GA",2026-05-18 10:17:02.857377
APP-2026-000146,51,30000,Salaried,722,60000,24,13000,"Atlanta, GA",2026-02-03 18:55:48.857377
APP-2026-000147,48,79710,Self-Employed,599,410000,192,19000,"New York, NY",2026-05-28 12:30:30.857377
APP-2026-000148,51,49359,Salaried,490,105000,180,18000,"Los Angeles, CA",2026-03-07 15:07:52.857377
APP-2026-000149,47,30000,Salaried,558,85000,36,11000,"Chicago, IL",2026-05-29 18:43:03.857377
APP-2026-000150,35,57478,Salaried,539,235000,60,27000,"Denver, CO",2026-03-20 09:15:07.857377
APP-2026-000151,34,63592,Salaried,728,105000,216,0,"Boston, MA",2026-06-03 20:39:14.857377
APP-2026-000152,26,281550,Salaried,672,1290000,300,27000,"Charlotte, NC",2026-04-25 12:55:37.857377
APP-2026-000153,47,30000,Salaried,629,70000,168,12000,"Boston, MA",2026-01-17 17:47:06.857377
APP-2026-000154,66,60230,Salaried,757,230000,300,12000,"San Antonio, TX",2026-03-10 18:05:10.857377
APP-2026-000155,29,30303,Self-Employed,710,140000,96,10000,"Chicago, IL",2026-02-11 08:26:28.857377
APP-2026-000156,52,70766,Salaried,716,240000,276,10000,"San Jose, CA",2026-01-10 11:18:45.857377
APP-2026-000157,54,40419,Salaried,593,210000,120,0,"Charlotte, NC",2026-01-20 18:14:59.857377
APP-2026-000158,57,89612,Freelancer,673,245000,108,0,"Miami, FL",2026-06-01 18:51:59.857377
APP-2026-000159,28,54221,Salaried,697,155000,84,20000,"Seattle, WA",2026-02-28 18:09:58.857377
APP-2026-000160,39,31272,Self-Employed,644,145000,108,0,"Chicago, IL",2026-01-17 10:50:19.857377
APP-2026-000161,57,30000,Freelancer,572,50000,240,0,"Denver, CO",2026-03-16 15:07:29.857377
APP-2026-000162,52,38786,Business Owner,765,180000,276,19000,"Fort Worth, TX",2026-03-12 16:34:31.857377
APP-2026-000163,59,30000,Salaried,850,145000,180,14000,"Los Angeles, CA",2026-04-22 19:20:38.857377
APP-2026-000164,40,30000,Salaried,796,130000,108,4000,"San Diego, CA",2026-06-23 17:37:01.857377
APP-2026-000165,41,30000,Salaried,599,50000,300,1000,"Dallas, TX",2026-05-29 08:48:48.857377
APP-2026-000166,35,35321,Salaried,698,145000,72,5000,"Miami, FL",2026-04-25 12:11:37.857377
APP-2026-000167,43,30000,Freelancer,676,115000,168,3000,"San Francisco, CA",2026-01-25 15:22:26.857377
APP-2026-000168,53,41488,Self-Employed,719,145000,132,6000,"Houston, TX",2026-02-12 13:26:44.857377
APP-2026-000169,38,30000,Salaried,629,50000,192,14000,"Fort Worth, TX",2026-05-22 08:29:05.857377
APP-2026-000170,59,113142,Self-Employed,634,235000,132,47000,"Houston, TX",2026-04-15 16:52:00.857377
APP-2026-000171,36,30000,Self-Employed,803,55000,264,0,"Charlotte, NC",2026-04-17 08:12:33.857377
APP-2026-000172,66,30000,Salaried,726,150000,144,14000,"San Francisco, CA",2026-06-11 15:48:03.857377
APP-2026-000173,48,47456,Self-Employed,611,145000,84,10000,"Phoenix, AZ",2026-03-16 15:56:44.857377
APP-2026-000174,46,73664,Salaried,603,130000,192,10000,"Miami, FL",2026-06-06 20:15:45.857377
APP-2026-000175,38,43435,Freelancer,401,165000,72,18000,"New York, NY",2026-05-23 14:05:14.857377
APP-2026-000176,34,104725,Self-Employed,589,265000,324,0,"Charlotte, NC",2026-02-01 18:53:09.857377
APP-2026-000177,47,46371,Self-Employed,745,195000,192,0,"San Jose, CA",2026-05-12 19:17:26.857377
APP-2026-000178,51,81374,Freelancer,802,170000,324,36000,"San Francisco, CA",2026-03-05 15:35:09.857377
APP-2026-000179,42,40838,Salaried,624,190000,156,17000,"Boston, MA",2026-05-12 19:56:08.857377
APP-2026-000180,50,30315,Salaried,680,120000,336,14000,"Washington, DC",2026-04-18 13:59:50.857377
APP-2026-000181,28,65973,Self-Employed,799,125000,204,25000,"New York, NY",2026-03-15 19:19:53.857377
APP-2026-000182,47,55849,Salaried,683,225000,228,26000,"Portland, OR",2026-05-07 10:28:34.857377
APP-2026-000183,39,42415,Salaried,650,160000,192,8000,"Seattle, WA",2026-05-21 14:29:59.857377
APP-2026-000184,47,30000,Freelancer,690,160000,132,0,"Atlanta, GA",2026-03-04 17:24:14.857377
APP-2026-000185,49,30000,Salaried,805,125000,336,0,"Los Angeles, CA",2026-03-24 19:30:45.857377
APP-2026-000186,44,30000,Business Owner,647,95000,360,0,"Fort Worth, TX",2026-06-20 20:52:41.857377
APP-2026-000187,30,31502,Freelancer,598,55000,60,11000,"Los Angeles, CA",2026-02-03 16:37:21.857377
APP-2026-000188,53,30000,Business Owner,749,60000,336,7000,"Minneapolis, MN",2026-04-24 09:33:58.857377
APP-2026-000189,43,60271,Self-Employed,557,325000,180,14000,"Phoenix, AZ",2026-04-16 18:09:04.857377
APP-2026-000190,36,30000,Salaried,708,50000,192,0,"Dallas, TX",2026-03-29 17:44:25.857377
APP-2026-000191,29,115267,Freelancer,720,255000,252,50000,"Austin, TX",2026-06-23 16:24:20.857377
APP-2026-000192,44,63970,Freelancer,737,290000,252,0,"Washington, DC",2026-05-06 16:02:39.857377
APP-2026-000193,33,47032,Salaried,695,220000,36,12000,"Portland, OR",2026-03-16 11:47:05.857377
APP-2026-000194,53,30000,Salaried,824,100000,168,0,"Washington, DC",2026-06-13 19:55:06.857377
APP-2026-000195,46,30000,Salaried,629,95000,180,1000,"San Jose, CA",2026-01-09 08:20:50.857377
APP-2026-000196,56,31620,Salaried,624,120000,24,5000,"Jacksonville, FL",2026-04-22 10:15:33.857377
APP-2026-000197,54,51040,Freelancer,678,95000,168,8000,"Nashville, TN",2026-02-17 10:11:05.857377
APP-2026-000198,38,248108,Self-Employed,678,925000,240,0,"Boston, MA",2026-06-25 11:31:58.857377
APP-2026-000199,34,37426,Salaried,599,140000,228,13000,"Charlotte, NC",2026-06-14 12:29:16.857377
APP-2026-000200,41,30000,Salaried,725,55000,264,10000,"Nashville, TN",2026-05-01 12:43:34.857377
APP-2026-000201,66,48355,Freelancer,751,135000,72,20000,"Jacksonville, FL",2026-06-01 12:40:27.857377
APP-2026-000202,52,104184,Salaried,695,420000,276,29000,"Minneapolis, MN",2026-03-20 11:24:54.857377
APP-2026-000203,40,42772,Salaried,627,210000,192,6000,"Fort Worth, TX",2026-05-28 13:36:18.857377
APP-2026-000204,39,55175,Self-Employed,634,190000,276,16000,"Detroit, MI",2026-06-19 14:17:00.857377
APP-2026-000205,33,66347,Business Owner,683,150000,228,0,"Washington, DC",2026-01-14 17:47:31.857377
APP-2026-000206,46,30000,Salaried,696,75000,324,0,"San Jose, CA",2026-03-01 17:51:22.857377
APP-2026-000207,58,33236,Self-Employed,641,95000,96,7000,"Boston, MA",2026-03-07 18:48:46.857377
APP-2026-000208,63,43458,Salaried,763,190000,300,11000,"Detroit, MI",2026-02-06 18:06:57.857377
APP-2026-000209,25,30000,Self-Employed,798,130000,252,3000,"San Jose, CA",2026-04-24 08:37:23.857377
APP-2026-000210,61,53918,Salaried,700,130000,288,26000,"Baltimore, MD",2026-03-18 13:47:26.857377
APP-2026-000211,48,30000,Salaried,723,95000,72,8000,"Nashville, TN",2026-05-20 13:33:32.857377
APP-2026-000212,40,91036,Salaried,540,275000,360,44000,"Philadelphia, PA",2026-03-08 15:51:18.857377
APP-2026-000213,54,30000,Salaried,642,160000,288,0,"Nashville, TN",2026-01-31 15:04:09.857377
APP-2026-000214,49,30000,Salaried,658,65000,300,0,"Minneapolis, MN",2026-06-24 19:43:25.857377
APP-2026-000215,19,44504,Freelancer,555,175000,336,0,"Jacksonville, FL",2026-01-25 20:25:00.857377
APP-2026-000216,39,30000,Salaried,721,50000,108,11000,"Charlotte, NC",2026-04-06 18:47:43.857377
APP-2026-000217,41,191261,Freelancer,709,950000,108,27000,"Detroit, MI",2026-06-14 13:06:43.857377
APP-2026-000218,60,30000,Salaried,635,105000,96,14000,"Boston, MA",2026-05-25 13:58:39.857377
APP-2026-000219,53,34044,Salaried,632,70000,96,16000,"Miami, FL",2026-04-30 19:19:41.857377
APP-2026-000220,45,40597,Freelancer,716,130000,168,11000,"Los Angeles, CA",2026-01-11 12:31:07.857377
APP-2026-000221,70,32478,Salaried,604,135000,48,15000,"Seattle, WA",2026-02-05 14:29:23.857377
APP-2026-000222,52,45308,Salaried,627,225000,264,0,"Atlanta, GA",2026-05-20 14:37:47.857377
APP-2026-000223,51,30000,Freelancer,692,100000,288,9000,"Columbus, OH",2026-06-18 09:53:31.857377
APP-2026-000224,49,42654,Salaried,764,220000,240,15000,"Dallas, TX",2026-01-10 19:23:13.857377
APP-2026-000225,32,61989,Self-Employed,810,115000,180,21000,"San Diego, CA",2026-04-04 09:43:23.857377
APP-2026-000226,31,34499,Freelancer,706,155000,216,0,"Miami, FL",2026-04-03 08:25:17.857377
APP-2026-000227,64,52199,Freelancer,545,215000,84,0,"Minneapolis, MN",2026-04-28 09:42:13.857377
APP-2026-000228,33,58566,Freelancer,736,185000,252,24000,"New York, NY",2026-01-14 20:21:15.857377
APP-2026-000229,46,30000,Salaried,592,90000,60,0,"San Antonio, TX",2026-01-19 20:35:13.857377
APP-2026-000230,27,30000,Salaried,804,70000,228,6000,"Minneapolis, MN",2026-03-02 13:49:09.857377
APP-2026-000231,64,81458,Self-Employed,500,400000,312,0,"New York, NY",2026-03-13 10:08:34.857377
APP-2026-000232,36,30000,Salaried,850,85000,108,0,"Houston, TX",2026-06-20 08:08:00.857377
APP-2026-000233,28,30000,Self-Employed,850,135000,144,0,"San Diego, CA",2026-06-01 13:01:11.857377
APP-2026-000234,53,58442,Business Owner,748,90000,108,8000,"Las Vegas, NV",2026-04-19 16:07:47.857377
APP-2026-000235,41,49695,Business Owner,619,170000,36,8000,"Washington, DC",2026-04-04 16:37:06.857377
APP-2026-000236,41,30000,Freelancer,591,105000,180,5000,"Boston, MA",2026-01-13 19:50:58.857377
APP-2026-000237,63,67404,Salaried,601,145000,336,24000,"San Jose, CA",2026-04-29 18:01:03.857377
APP-2026-000238,42,39509,Self-Employed,573,75000,192,0,"Columbus, OH",2026-06-26 09:31:45.857377
APP-2026-000239,25,51656,Business Owner,791,190000,360,3000,"Memphis, TN",2026-01-22 13:38:09.857377
APP-2026-000240,44,52974,Self-Employed,691,250000,36,23000,"Boston, MA",2026-06-13 17:35:45.857377
APP-2026-000241,36,30000,Self-Employed,771,150000,132,6000,"Boston, MA",2026-05-17 12:29:32.857377
APP-2026-000242,41,66021,Salaried,623,315000,240,15000,"Nashville, TN",2026-06-30 09:54:41.857377
APP-2026-000243,36,45396,Self-Employed,850,95000,252,0,"Seattle, WA",2026-02-26 14:28:56.857377
APP-2026-000244,30,60296,Salaried,713,110000,96,3000,"Detroit, MI",2026-04-28 14:26:46.857377
APP-2026-000245,59,133081,Self-Employed,635,515000,48,36000,"Austin, TX",2026-06-21 12:23:09.857377
APP-2026-000246,28,30000,Salaried,811,130000,264,0,"Chicago, IL",2026-01-25 09:05:27.857377
APP-2026-000247,51,133614,Salaried,591,390000,48,0,"Jacksonville, FL",2026-02-04 16:03:37.857377
APP-2026-000248,36,37319,Salaried,618,175000,216,5000,"Portland, OR",2026-02-02 14:22:55.857377
APP-2026-000249,57,39609,Self-Employed,520,110000,264,0,"Columbus, OH",2026-01-15 12:38:19.857377
APP-2026-000250,49,63322,Self-Employed,835,210000,144,4000,"Indianapolis, IN",2026-02-25 10:42:30.857377
APP-2026-000251,51,38592,Salaried,600,140000,96,0,"Jacksonville, FL",2026-05-24 13:07:48.857377
APP-2026-000252,52,33223,Freelancer,607,95000,108,11000,"Nashville, TN",2026-04-21 16:49:52.857377
APP-2026-000253,38,30000,Salaried,777,105000,240,9000,"Miami, FL",2026-05-24 08:38:59.857377
APP-2026-000254,46,42346,Salaried,655,200000,264,0,"Dallas, TX",2026-01-09 10:17:44.857377
APP-2026-000255,53,78070,Salaried,594,225000,300,6000,"Austin, TX",2026-04-01 08:11:55.857377
APP-2026-000256,34,38938,Salaried,736,120000,60,9000,"Fort Worth, TX",2026-01-19 10:47:40.857377
APP-2026-000257,49,266838,Business Owner,700,1305000,12,38000,"Indianapolis, IN",2026-02-26 14:26:29.857377
APP-2026-000258,44,30000,Freelancer,773,145000,132,12000,"San Jose, CA",2026-03-26 20:36:38.857377
APP-2026-000259,36,80308,Salaried,584,340000,36,0,"Phoenix, AZ",2026-02-11 20:39:03.857377
APP-2026-000260,40,37143,Self-Employed,679,175000,264,4000,"Charlotte, NC",2026-06-20 14:31:38.857377
APP-2026-000261,74,30000,Freelancer,680,90000,180,3000,"San Antonio, TX",2026-05-13 09:22:27.857377
APP-2026-000262,29,30000,Salaried,665,60000,48,14000,"Portland, OR",2026-06-02 15:33:42.857377
APP-2026-000263,51,37918,Salaried,685,120000,120,3000,"Fort Worth, TX",2026-06-04 08:00:13.857377
APP-2026-000264,21,30000,Self-Employed,727,120000,120,0,"Washington, DC",2026-02-06 20:16:18.857377
APP-2026-000265,42,119680,Salaried,634,235000,132,22000,"San Francisco, CA",2026-04-22 10:08:24.857377
APP-2026-000266,40,46256,Salaried,629,160000,216,0,"Indianapolis, IN",2026-05-25 18:51:22.857377
APP-2026-000267,26,75353,Self-Employed,475,150000,36,33000,"Las Vegas, NV",2026-01-12 14:01:29.857377
APP-2026-000268,56,30000,Salaried,662,90000,360,12000,"Austin, TX",2026-05-29 14:36:25.857377
APP-2026-000269,55,66820,Salaried,633,105000,276,11000,"San Jose, CA",2026-01-31 14:01:20.857377
APP-2026-000270,18,30000,Self-Employed,711,70000,72,0,"Boston, MA",2026-04-29 19:58:23.857377
APP-2026-000271,44,57724,Salaried,523,280000,36,5000,"Houston, TX",2026-03-05 14:37:25.857377
APP-2026-000272,69,30000,Salaried,676,130000,204,7000,"Minneapolis, MN",2026-03-22 19:21:14.857377
APP-2026-000273,28,30000,Salaried,702,155000,132,0,"Chicago, IL",2026-05-12 18:07:33.857377
APP-2026-000274,47,30000,Self-Employed,763,95000,204,4000,"Washington, DC",2026-04-01 13:46:52.857377
APP-2026-000275,43,75892,Self-Employed,739,305000,252,0,"San Diego, CA",2026-01-28 10:16:12.857377
APP-2026-000276,48,30000,Self-Employed,693,60000,72,11000,"Washington, DC",2026-06-18 09:11:49.857377
APP-2026-000277,69,40506,Salaried,698,70000,252,3000,"Washington, DC",2026-05-26 20:37:28.857377
APP-2026-000278,39,30000,Salaried,783,85000,264,0,"Denver, CO",2026-06-15 18:39:20.857377
APP-2026-000279,53,91697,Salaried,774,230000,336,0,"Austin, TX",2026-02-09 15:04:30.857377
APP-2026-000280,53,59024,Salaried,784,135000,180,6000,"Nashville, TN",2026-03-13 17:03:22.857377
APP-2026-000281,60,56669,Self-Employed,633,300000,204,23000,"Charlotte, NC",2026-04-27 08:03:23.857377
APP-2026-000282,45,116365,Self-Employed,823,550000,324,40000,"Miami, FL",2026-01-25 17:38:32.857377
APP-2026-000283,40,30000,Business Owner,632,95000,156,7000,"Seattle, WA",2026-01-12 15:58:51.857377
APP-2026-000284,29,57731,Salaried,691,110000,228,8000,"Austin, TX",2026-06-05 15:32:09.857377
APP-2026-000285,48,69744,Salaried,704,340000,24,32000,"Nashville, TN",2026-03-30 19:05:32.857377
APP-2026-000286,48,70972,Salaried,614,345000,252,26000,"San Diego, CA",2026-04-24 15:33:33.857377
APP-2026-000287,52,92853,Salaried,706,485000,240,6000,"Jacksonville, FL",2026-03-15 14:26:49.857377
APP-2026-000288,45,33674,Self-Employed,673,160000,132,4000,"Los Angeles, CA",2026-06-12 18:21:04.857377
APP-2026-000289,59,36938,Self-Employed,850,130000,132,6000,"Portland, OR",2026-04-10 12:16:46.857377
APP-2026-000290,57,154677,Freelancer,729,625000,336,60000,"Baltimore, MD",2026-06-05 10:21:05.857377
APP-2026-000291,43,30000,Salaried,746,160000,228,2000,"Baltimore, MD",2026-04-01 12:41:44.857377
APP-2026-000292,33,101761,Salaried,646,375000,264,38000,"Boston, MA",2026-01-23 12:35:24.857377
APP-2026-000293,30,51827,Salaried,702,75000,252,0,"Detroit, MI",2026-02-03 18:44:53.857377
APP-2026-000294,62,30000,Business Owner,731,85000,288,0,"Baltimore, MD",2026-05-16 09:41:42.857377
APP-2026-000295,34,30000,Salaried,614,130000,168,13000,"New York, NY",2026-04-04 12:11:13.857377
APP-2026-000296,19,30000,Salaried,796,125000,132,0,"San Francisco, CA",2026-02-20 11:08:09.857377
APP-2026-000297,58,30000,Salaried,635,120000,36,2000,"Nashville, TN",2026-01-27 16:49:34.857377
APP-2026-000298,75,124702,Self-Employed,840,485000,324,0,"Indianapolis, IN",2026-01-11 18:21:56.857377
APP-2026-000299,57,58338,Salaried,679,105000,300,4000,"Boston, MA",2026-04-08 10:10:11.857377
APP-2026-000300,60,88673,Self-Employed,628,410000,324,25000,"Boston, MA",2026-02-13 19:28:02.857377
APP-2026-000301,31,31103,Salaried,612,70000,168,9000,"Las Vegas, NV",2026-03-03 15:39:18.857377
APP-2026-000302,43,42271,Salaried,726,170000,300,0,"Charlotte, NC",2026-03-02 16:15:19.857377
APP-2026-000303,40,44771,Salaried,650,165000,312,0,"Memphis, TN",2026-02-20 13:43:36.857377
APP-2026-000304,58,30000,Salaried,707,85000,180,1000,"San Jose, CA",2026-04-09 16:33:26.857377
APP-2026-000305,46,30000,Salaried,762,145000,72,0,"Nashville, TN",2026-06-05 10:55:16.857377
APP-2026-000306,42,54769,Salaried,637,185000,24,6000,"Minneapolis, MN",2026-04-07 16:59:06.857377
APP-2026-000307,47,30000,Salaried,812,135000,276,0,"Minneapolis, MN",2026-02-02 12:05:48.857377
APP-2026-000308,39,48234,Salaried,592,215000,72,16000,"Memphis, TN",2026-05-13 10:53:27.857377
APP-2026-000309,43,30855,Salaried,708,75000,36,0,"San Diego, CA",2026-04-27 13:59:01.857377
APP-2026-000310,42,75423,Salaried,615,345000,168,5000,"Indianapolis, IN",2026-04-07 11:24:05.857377
APP-2026-000311,38,35910,Salaried,486,100000,144,16000,"Austin, TX",2026-01-27 19:41:21.857377
APP-2026-000312,55,38314,Business Owner,721,65000,312,9000,"Los Angeles, CA",2026-03-16 15:44:53.857377
APP-2026-000313,55,30000,Business Owner,743,65000,60,0,"San Francisco, CA",2026-04-26 17:00:57.857377
APP-2026-000314,29,30000,Business Owner,850,115000,36,6000,"San Antonio, TX",2026-02-09 16:46:38.857377
APP-2026-000315,36,30000,Freelancer,761,55000,204,13000,"Washington, DC",2026-03-16 11:19:07.857377
APP-2026-000316,75,30000,Self-Employed,692,110000,24,2000,"Miami, FL",2026-06-10 15:04:07.857377
APP-2026-000317,32,30000,Salaried,644,90000,324,0,"Boston, MA",2026-05-19 08:40:32.857377
APP-2026-000318,69,59594,Salaried,844,210000,228,24000,"Phoenix, AZ",2026-03-17 14:00:39.857377
APP-2026-000319,37,34644,Freelancer,628,70000,144,6000,"Columbus, OH",2026-02-18 18:42:05.857377
APP-2026-000320,35,40060,Salaried,809,200000,204,0,"Chicago, IL",2026-05-16 16:32:50.857377
APP-2026-000321,41,30000,Business Owner,675,150000,204,8000,"Fort Worth, TX",2026-05-02 08:40:24.857377
APP-2026-000322,36,30000,Self-Employed,679,140000,144,6000,"New York, NY",2026-04-03 20:04:22.857377
APP-2026-000323,46,30000,Salaried,709,120000,96,0,"Miami, FL",2026-01-28 20:37:47.857377
APP-2026-000324,61,30000,Business Owner,782,105000,300,3000,"Los Angeles, CA",2026-04-02 16:21:52.857377
APP-2026-000325,56,61395,Salaried,653,135000,252,27000,"Washington, DC",2026-06-26 15:44:30.857377
APP-2026-000326,40,30000,Salaried,713,115000,252,2000,"Phoenix, AZ",2026-01-18 19:49:29.857377
APP-2026-000327,47,44046,Self-Employed,673,235000,24,15000,"Los Angeles, CA",2026-02-22 08:20:59.857377
APP-2026-000328,50,30000,Freelancer,714,95000,120,3000,"Detroit, MI",2026-05-21 15:16:02.857377
APP-2026-000329,45,30000,Self-Employed,726,50000,300,11000,"San Jose, CA",2026-04-03 20:03:55.857377
APP-2026-000330,48,47609,Freelancer,656,170000,252,17000,"Houston, TX",2026-04-06 14:56:25.857377
APP-2026-000331,41,30000,Freelancer,510,100000,288,12000,"Fort Worth, TX",2026-03-29 10:31:44.857377
APP-2026-000332,37,30000,Self-Employed,639,140000,192,2000,"Nashville, TN",2026-05-14 12:51:05.857377
APP-2026-000333,38,30000,Salaried,809,120000,288,9000,"Columbus, OH",2026-06-05 10:34:18.857377
APP-2026-000334,41,80712,Salaried,645,435000,132,27000,"Austin, TX",2026-06-20 12:19:28.857377
APP-2026-000335,49,30000,Salaried,642,65000,240,0,"Philadelphia, PA",2026-06-27 15:22:28.857377
APP-2026-000336,47,30000,Freelancer,721,75000,24,0,"Baltimore, MD",2026-04-02 17:27:17.857377
APP-2026-000337,61,81636,Self-Employed,599,130000,252,0,"Los Angeles, CA",2026-01-21 18:40:25.857377
APP-2026-000338,36,82697,Business Owner,574,410000,144,32000,"Las Vegas, NV",2026-06-24 10:01:09.857377
APP-2026-000339,52,88235,Salaried,701,330000,336,8000,"Nashville, TN",2026-04-24 08:08:04.857377
APP-2026-000340,52,30000,Freelancer,497,110000,96,0,"Jacksonville, FL",2026-04-04 14:36:02.857377
APP-2026-000341,48,34518,Salaried,637,150000,240,15000,"Charlotte, NC",2026-04-06 13:28:48.857377
APP-2026-000342,43,64059,Salaried,645,325000,36,24000,"Indianapolis, IN",2026-04-05 14:20:41.857377
APP-2026-000343,55,30000,Salaried,709,55000,108,4000,"Houston, TX",2026-01-08 19:11:31.857377
APP-2026-000344,67,35755,Salaried,655,135000,204,6000,"Seattle, WA",2026-02-01 12:49:16.857377
APP-2026-000345,57,30000,Salaried,756,150000,276,4000,"Boston, MA",2026-03-16 19:58:31.857377
APP-2026-000346,65,33404,Freelancer,666,50000,84,10000,"Minneapolis, MN",2026-01-20 15:11:57.857377
APP-2026-000347,36,37378,Freelancer,605,70000,276,17000,"Chicago, IL",2026-06-25 13:42:22.857377
APP-2026-000348,47,79233,Freelancer,720,300000,276,22000,"Seattle, WA",2026-03-17 12:54:10.857377
APP-2026-000349,23,30000,Salaried,720,150000,276,0,"Atlanta, GA",2026-06-14 10:50:23.857377
APP-2026-000350,61,195665,Self-Employed,590,755000,204,71000,"San Antonio, TX",2026-02-06 11:50:31.857377
APP-2026-000351,45,30000,Salaried,659,120000,12,14000,"Denver, CO",2026-04-06 15:51:35.857377
APP-2026-000352,18,118570,Self-Employed,728,475000,60,9000,"Chicago, IL",2026-01-18 12:25:45.857377
APP-2026-000353,36,30000,Salaried,662,65000,288,9000,"Columbus, OH",2026-04-16 17:04:08.857377
APP-2026-000354,20,30000,Self-Employed,626,50000,132,1000,"Charlotte, NC",2026-05-01 18:33:22.857377
APP-2026-000355,41,30000,Freelancer,718,80000,60,0,"Washington, DC",2026-05-23 18:37:11.857377
APP-2026-000356,75,31948,Salaried,733,125000,300,0,"Columbus, OH",2026-05-10 08:53:07.857377
APP-2026-000357,41,30000,Self-Employed,678,125000,204,14000,"Philadelphia, PA",2026-02-12 13:59:45.857377
APP-2026-000358,57,30000,Salaried,627,95000,96,7000,"Indianapolis, IN",2026-03-15 09:16:12.857377
APP-2026-000359,48,54555,Self-Employed,753,290000,252,0,"Dallas, TX",2026-02-03 18:19:39.857377
APP-2026-000360,38,30000,Salaried,691,50000,216,9000,"Miami, FL",2026-02-14 17:37:09.857377
APP-2026-000361,36,47774,Salaried,507,90000,72,11000,"Las Vegas, NV",2026-06-05 13:53:59.857377
APP-2026-000362,36,32695,Salaried,686,95000,228,15000,"Minneapolis, MN",2026-01-09 09:02:41.857377
APP-2026-000363,59,91644,Salaried,672,370000,300,42000,"Miami, FL",2026-02-24 20:36:26.857377
APP-2026-000364,45,77847,Self-Employed,702,150000,240,35000,"San Francisco, CA",2026-06-11 16:18:41.857377
APP-2026-000365,45,30000,Salaried,677,80000,120,8000,"Nashville, TN",2026-06-26 14:19:29.857377
APP-2026-000366,42,30000,Salaried,687,110000,36,6000,"Philadelphia, PA",2026-04-24 14:30:29.857377
APP-2026-000367,55,101707,Freelancer,628,425000,84,17000,"Phoenix, AZ",2026-03-23 19:20:46.857377
APP-2026-000368,66,80859,Salaried,626,375000,336,33000,"Fort Worth, TX",2026-02-04 20:23:32.857377
APP-2026-000369,23,30000,Self-Employed,784,125000,216,10000,"San Diego, CA",2026-05-01 09:17:28.857377
APP-2026-000370,25,30000,Salaried,647,60000,96,13000,"Los Angeles, CA",2026-03-17 14:55:39.857377
APP-2026-000371,33,30000,Salaried,784,85000,168,2000,"Minneapolis, MN",2026-02-11 13:59:36.857377
APP-2026-000372,61,30000,Self-Employed,615,115000,288,6000,"Washington, DC",2026-02-11 15:32:29.857377
APP-2026-000373,67,30000,Salaried,642,105000,192,0,"San Francisco, CA",2026-01-07 09:25:32.857377
APP-2026-000374,44,33466,Salaried,712,50000,180,0,"San Antonio, TX",2026-05-31 13:03:03.857377
APP-2026-000375,31,30000,Salaried,659,75000,120,13000,"Memphis, TN",2026-06-18 18:30:18.857377
APP-2026-000376,64,63421,Self-Employed,653,300000,216,31000,"Houston, TX",2026-04-22 10:56:16.857377
APP-2026-000377,26,30000,Salaried,584,110000,288,8000,"Fort Worth, TX",2026-04-05 08:25:03.857377
APP-2026-000378,46,60502,Salaried,720,160000,228,10000,"Jacksonville, FL",2026-05-23 12:04:24.857377
APP-2026-000379,29,30000,Business Owner,521,110000,204,3000,"Seattle, WA",2026-03-14 17:43:39.857377
APP-2026-000380,53,190854,Salaried,606,590000,48,94000,"Houston, TX",2026-04-12 13:50:21.857377
APP-2026-000381,48,74575,Self-Employed,581,225000,216,0,"Washington, DC",2026-02-07 11:38:32.857377
APP-2026-000382,50,35450,Self-Employed,634,85000,156,17000,"Los Angeles, CA",2026-01-11 10:45:21.857377
APP-2026-000383,48,52794,Self-Employed,651,245000,312,9000,"Charlotte, NC",2026-02-09 17:57:32.857377
APP-2026-000384,48,32869,Business Owner,586,110000,60,14000,"Boston, MA",2026-03-24 10:25:39.857377
APP-2026-000385,23,99661,Salaried,731,300000,288,0,"Denver, CO",2026-03-29 16:53:32.857377
APP-2026-000386,36,30000,Self-Employed,850,145000,216,14000,"Denver, CO",2026-03-19 15:52:01.857377
APP-2026-000387,59,30000,Freelancer,724,65000,144,2000,"Houston, TX",2026-04-18 17:19:50.857377
APP-2026-000388,46,31072,Freelancer,770,155000,348,0,"Atlanta, GA",2026-06-12 08:38:30.857377
APP-2026-000389,52,30000,Self-Employed,836,130000,108,0,"Nashville, TN",2026-05-30 17:14:46.857377
APP-2026-000390,42,30000,Salaried,712,85000,24,12000,"Philadelphia, PA",2026-05-16 18:46:39.857377
APP-2026-000391,34,30000,Business Owner,756,80000,300,0,"Phoenix, AZ",2026-06-25 11:02:36.857377
APP-2026-000392,51,54832,Salaried,737,245000,276,21000,"New York, NY",2026-04-24 13:26:09.857377
APP-2026-000393,59,64000,Freelancer,618,220000,168,5000,"Columbus, OH",2026-05-10 20:39:58.857377
APP-2026-000394,47,30000,Salaried,549,85000,192,0,"Las Vegas, NV",2026-01-17 19:08:33.857377
APP-2026-000395,46,32603,Business Owner,528,55000,84,8000,"Portland, OR",2026-05-04 16:24:20.857377
APP-2026-000396,47,61537,Salaried,755,110000,72,14000,"Seattle, WA",2026-03-30 16:22:43.857377
APP-2026-000397,33,30000,Salaried,746,80000,300,0,"Portland, OR",2026-06-15 20:44:16.857377
APP-2026-000398,42,30000,Self-Employed,669,160000,240,9000,"San Diego, CA",2026-03-14 16:19:14.857377
APP-2026-000399,61,30000,Salaried,680,95000,120,0,"Atlanta, GA",2026-02-24 19:45:31.857377
APP-2026-000400,57,153339,Salaried,779,645000,132,24000,"Seattle, WA",2026-03-13 12:07:36.857377
APP-2026-000401,55,56815,Freelancer,764,115000,264,22000,"Memphis, TN",2026-04-13 13:49:51.857377
APP-2026-000402,75,35580,Salaried,538,70000,60,11000,"San Jose, CA",2026-01-22 13:59:28.857377
APP-2026-000403,37,36765,Salaried,653,175000,252,1000,"San Francisco, CA",2026-02-25 11:52:34.857377
APP-2026-000404,46,70268,Salaried,610,130000,108,0,"Atlanta, GA",2026-03-12 10:06:39.857377
APP-2026-000405,28,30000,Freelancer,762,150000,288,7000,"San Diego, CA",2026-01-14 18:57:33.857377
APP-2026-000406,37,30302,Business Owner,740,55000,96,10000,"Los Angeles, CA",2026-01-27 14:21:45.857377
APP-2026-000407,18,32616,Self-Employed,721,135000,192,15000,"Washington, DC",2026-02-06 08:35:59.857377
APP-2026-000408,35,30000,Salaried,764,135000,72,10000,"Baltimore, MD",2026-05-03 15:41:12.857377
APP-2026-000409,43,30000,Business Owner,453,95000,300,0,"Austin, TX",2026-03-16 18:03:58.857377
APP-2026-000410,45,30000,Salaried,582,50000,300,11000,"Denver, CO",2026-03-02 16:47:46.857377
APP-2026-000411,59,30000,Freelancer,729,100000,336,0,"Baltimore, MD",2026-02-15 14:56:53.857377
APP-2026-000412,31,30000,Self-Employed,709,115000,72,0,"Los Angeles, CA",2026-04-13 20:31:11.857377
APP-2026-000413,36,30000,Self-Employed,610,120000,360,0,"Minneapolis, MN",2026-03-17 08:00:19.857377
APP-2026-000414,58,125291,Salaried,619,630000,228,22000,"Baltimore, MD",2026-03-28 12:29:41.857377
APP-2026-000415,38,31881,Salaried,540,150000,216,1000,"Memphis, TN",2026-02-05 16:29:17.857377
APP-2026-000416,46,30000,Salaried,589,55000,84,0,"Austin, TX",2026-02-12 19:29:41.857377
APP-2026-000417,42,30000,Salaried,850,50000,108,0,"New York, NY",2026-03-29 20:18:36.857377
APP-2026-000418,54,55851,Self-Employed,676,235000,264,0,"Philadelphia, PA",2026-06-07 18:57:25.857377
APP-2026-000419,57,30000,Freelancer,715,60000,324,1000,"Austin, TX",2026-01-24 14:42:06.857377
APP-2026-000420,45,62211,Salaried,727,155000,72,0,"San Francisco, CA",2026-03-25 11:00:16.857377
APP-2026-000421,46,125394,Salaried,759,675000,156,54000,"Washington, DC",2026-03-11 13:19:37.857377
APP-2026-000422,28,62079,Salaried,734,190000,288,11000,"Dallas, TX",2026-06-18 13:44:15.857377
APP-2026-000423,43,30000,Self-Employed,624,155000,24,14000,"Charlotte, NC",2026-03-21 10:25:43.857377
APP-2026-000424,44,55808,Salaried,684,165000,204,0,"Memphis, TN",2026-07-01 20:19:44.857377
APP-2026-000425,37,30000,Salaried,782,110000,48,3000,"San Jose, CA",2026-04-06 17:14:14.857377
APP-2026-000426,51,54099,Salaried,771,225000,60,9000,"Charlotte, NC",2026-06-06 13:26:44.857377
APP-2026-000427,52,30049,Salaried,758,130000,216,0,"Washington, DC",2026-05-19 20:42:52.857377
APP-2026-000428,44,30000,Business Owner,667,105000,84,0,"Portland, OR",2026-06-03 20:05:33.857377
APP-2026-000429,45,30000,Self-Employed,664,140000,180,7000,"Jacksonville, FL",2026-01-21 17:07:03.857377
APP-2026-000430,40,30000,Salaried,802,60000,324,7000,"Indianapolis, IN",2026-02-22 17:34:09.857377
APP-2026-000431,50,48867,Salaried,552,155000,72,15000,"Indianapolis, IN",2026-04-25 09:43:13.857377
APP-2026-000432,50,42267,Business Owner,627,95000,276,17000,"Chicago, IL",2026-05-12 15:51:03.857377
APP-2026-000433,45,57392,Business Owner,628,195000,180,21000,"Columbus, OH",2026-04-28 17:03:35.857377
APP-2026-000434,50,64589,Self-Employed,576,135000,180,19000,"San Jose, CA",2026-01-07 14:16:52.857377
APP-2026-000435,44,126728,Salaried,579,350000,12,0,"Denver, CO",2026-01-20 08:27:22.857377
APP-2026-000436,52,52873,Salaried,737,165000,276,3000,"Los Angeles, CA",2026-01-19 15:02:18.857377
APP-2026-000437,70,30000,Salaried,619,155000,168,14000,"Phoenix, AZ",2026-06-15 19:41:26.857377
APP-2026-000438,26,30000,Freelancer,551,155000,144,0,"Fort Worth, TX",2026-04-26 14:24:05.857377
APP-2026-000439,46,58115,Salaried,625,215000,264,0,"Minneapolis, MN",2026-05-20 10:41:55.857377
APP-2026-000440,54,109422,Salaried,580,245000,144,50000,"Seattle, WA",2026-04-12 16:08:46.857377
APP-2026-000441,45,30000,Salaried,697,75000,96,0,"Washington, DC",2026-01-07 12:29:43.857377
APP-2026-000442,42,39526,Salaried,726,150000,288,11000,"Seattle, WA",2026-04-09 11:15:29.857377
APP-2026-000443,35,78143,Salaried,664,360000,144,20000,"San Antonio, TX",2026-01-30 08:51:42.857377
APP-2026-000444,56,30000,Self-Employed,679,65000,168,5000,"Baltimore, MD",2026-01-06 11:13:04.857377
APP-2026-000445,40,51797,Salaried,471,245000,48,22000,"Charlotte, NC",2026-06-04 18:45:55.857377
APP-2026-000446,47,97599,Freelancer,594,400000,24,11000,"Los Angeles, CA",2026-04-14 15:14:34.857377
APP-2026-000447,46,84290,Salaried,639,165000,84,0,"Washington, DC",2026-01-16 10:32:18.857377
APP-2026-000448,44,63081,Salaried,475,340000,96,0,"Las Vegas, NV",2026-05-29 13:36:38.857377
APP-2026-000449,36,30000,Salaried,734,130000,300,12000,"Austin, TX",2026-03-03 12:56:09.857377
APP-2026-000450,31,30000,Salaried,625,130000,264,12000,"Columbus, OH",2026-03-19 12:03:35.857377
APP-2026-000451,39,30000,Business Owner,632,115000,228,0,"Baltimore, MD",2026-02-15 18:43:27.857377
APP-2026-000452,62,30000,Self-Employed,698,130000,216,3000,"Jacksonville, FL",2026-06-15 18:24:50.857377
APP-2026-000453,50,111444,Business Owner,552,485000,204,43000,"Columbus, OH",2026-04-16 10:19:24.857377
APP-2026-000454,54,37296,Self-Employed,603,110000,72,0,"San Francisco, CA",2026-03-04 11:19:54.857377
APP-2026-000455,57,80533,Salaried,698,355000,276,35000,"Charlotte, NC",2026-01-16 16:26:26.857377
APP-2026-000456,50,71050,Salaried,630,200000,216,14000,"Fort Worth, TX",2026-03-05 12:13:21.857377
APP-2026-000457,57,76883,Self-Employed,679,230000,252,9000,"Charlotte, NC",2026-04-06 09:34:46.857377
APP-2026-000458,53,63350,Salaried,747,100000,324,27000,"Dallas, TX",2026-04-08 18:38:38.857377
APP-2026-000459,44,52252,Salaried,751,190000,24,0,"San Antonio, TX",2026-06-01 19:42:35.857377
APP-2026-000460,51,155652,Freelancer,683,345000,84,63000,"Minneapolis, MN",2026-03-28 12:58:00.857377
APP-2026-000461,19,87353,Salaried,590,435000,84,0,"Las Vegas, NV",2026-02-01 19:48:30.857377
APP-2026-000462,32,84791,Salaried,729,335000,360,26000,"Boston, MA",2026-07-01 11:25:58.857377
APP-2026-000463,45,30000,Salaried,597,115000,96,6000,"Washington, DC",2026-03-15 14:29:34.857377
APP-2026-000464,28,30000,Salaried,802,135000,252,5000,"Dallas, TX",2026-04-04 16:56:31.857377
APP-2026-000465,66,30000,Salaried,667,155000,180,10000,"Las Vegas, NV",2026-05-02 20:53:20.857377
APP-2026-000466,38,88780,Salaried,795,280000,360,34000,"Austin, TX",2026-04-17 08:36:55.857377
APP-2026-000467,41,30000,Salaried,707,50000,96,0,"New York, NY",2026-03-09 16:59:37.857377
APP-2026-000468,44,30000,Business Owner,686,55000,228,0,"San Jose, CA",2026-02-10 11:21:14.857377
APP-2026-000469,63,30000,Self-Employed,532,90000,156,5000,"San Diego, CA",2026-05-09 16:41:43.857377
APP-2026-000470,33,33970,Salaried,564,90000,132,11000,"Detroit, MI",2026-05-07 19:41:47.857377
APP-2026-000471,46,49848,Salaried,636,190000,192,16000,"Las Vegas, NV",2026-04-02 10:08:46.857377
APP-2026-000472,41,30000,Salaried,746,160000,216,4000,"Baltimore, MD",2026-05-20 18:03:33.857377
APP-2026-000473,59,81710,Self-Employed,590,315000,24,0,"Chicago, IL",2026-06-22 08:48:00.857377
APP-2026-000474,33,30579,Self-Employed,702,130000,168,10000,"Miami, FL",2026-03-02 09:45:09.857377
APP-2026-000475,42,35074,Self-Employed,653,185000,12,8000,"Charlotte, NC",2026-04-07 08:39:40.857377
APP-2026-000476,25,30000,Self-Employed,713,160000,264,0,"Baltimore, MD",2026-05-05 18:31:01.857377
APP-2026-000477,34,32443,Self-Employed,669,80000,12,7000,"Columbus, OH",2026-01-05 08:33:46.857377
APP-2026-000478,54,147217,Self-Employed,790,360000,108,54000,"San Jose, CA",2026-01-06 16:52:44.857377
APP-2026-000479,49,57202,Salaried,617,145000,264,9000,"Baltimore, MD",2026-02-16 09:58:06.857377
APP-2026-000480,36,34415,Self-Employed,622,135000,204,12000,"San Antonio, TX",2026-06-09 16:16:52.857377
APP-2026-000481,49,52157,Freelancer,686,120000,144,17000,"Fort Worth, TX",2026-01-22 13:25:29.857377
APP-2026-000482,53,72789,Self-Employed,750,125000,228,15000,"Atlanta, GA",2026-02-28 12:43:52.857377
APP-2026-000483,46,67048,Self-Employed,617,340000,336,23000,"Minneapolis, MN",2026-06-17 20:02:05.857377
APP-2026-000484,28,30191,Self-Employed,796,75000,156,11000,"Seattle, WA",2026-05-03 08:40:00.857377
APP-2026-000485,25,30000,Self-Employed,636,95000,276,1000,"San Francisco, CA",2026-04-23 18:50:21.857377
APP-2026-000486,55,37060,Salaried,526,125000,228,0,"Houston, TX",2026-05-17 08:14:13.857377
APP-2026-000487,39,115255,Self-Employed,624,245000,348,0,"Memphis, TN",2026-05-27 15:17:02.857377
APP-2026-000488,39,68343,Freelancer,707,285000,360,6000,"Baltimore, MD",2026-03-14 16:36:42.857377
APP-2026-000489,32,30000,Salaried,850,85000,24,6000,"Minneapolis, MN",2026-03-23 08:13:37.857377
APP-2026-000490,59,53396,Salaried,723,275000,60,0,"Atlanta, GA",2026-04-13 09:19:10.857377
APP-2026-000491,43,47207,Salaried,736,235000,228,4000,"Detroit, MI",2026-04-11 18:57:34.857377
APP-2026-000492,45,85127,Self-Employed,508,190000,132,37000,"Las Vegas, NV",2026-02-06 20:44:46.857377
APP-2026-000493,56,53431,Freelancer,648,210000,36,6000,"Jacksonville, FL",2026-01-15 09:27:14.857377
APP-2026-000494,64,30000,Self-Employed,722,70000,324,3000,"Boston, MA",2026-06-08 17:25:49.857377
APP-2026-000495,56,75717,Self-Employed,657,220000,132,7000,"Dallas, TX",2026-04-27 15:14:22.857377
APP-2026-000496,50,39521,Self-Employed,557,95000,216,0,"Columbus, OH",2026-02-18 18:37:42.857377
APP-2026-000497,43,30000,Salaried,761,90000,156,7000,"Boston, MA",2026-03-18 20:15:45.857377
APP-2026-000498,70,162230,Self-Employed,711,350000,36,44000,"Phoenix, AZ",2026-04-09 19:50:40.857377
APP-2026-000499,57,30000,Self-Employed,598,115000,60,0,"Austin, TX",2026-04-04 09:05:00.857377
APP-2026-000500,46,30000,Salaried,616,125000,120,4000,"Washington, DC",2026-03-12 09:08:05.857377
APP-2026-000501,55,30100,Salaried,465,50000,72,12000,"Seattle, WA",2026-05-24 16:26:06.857377
APP-2026-000502,48,35011,Self-Employed,618,140000,12,12000,"Seattle, WA",2026-01-25 17:38:50.857377
APP-2026-000503,48,148285,Freelancer,708,510000,132,0,"New York, NY",2026-03-17 14:24:49.857377
APP-2026-000504,49,87306,Salaried,629,195000,36,0,"Seattle, WA",2026-03-05 17:33:10.857377
APP-2026-000505,35,34516,Salaried,657,125000,264,16000,"Phoenix, AZ",2026-03-11 12:17:31.857377
APP-2026-000506,56,42329,Salaried,635,125000,60,17000,"Columbus, OH",2026-03-13 14:19:30.857377
APP-2026-000507,22,59621,Salaried,579,105000,312,12000,"Dallas, TX",2026-03-06 19:40:31.857377
APP-2026-000508,27,148650,Self-Employed,657,640000,240,7000,"Charlotte, NC",2026-01-29 10:19:00.857377
APP-2026-000509,52,30000,Salaried,701,50000,156,11000,"Boston, MA",2026-04-09 20:55:21.857377
APP-2026-000510,63,110999,Freelancer,713,520000,180,31000,"Detroit, MI",2026-06-17 17:08:19.857377
APP-2026-000511,49,30000,Self-Employed,622,65000,132,13000,"Atlanta, GA",2026-02-22 15:20:11.857377
APP-2026-000512,51,48281,Freelancer,697,185000,156,0,"San Jose, CA",2026-06-28 18:31:36.857377
APP-2026-000513,54,46558,Self-Employed,597,155000,312,17000,"Fort Worth, TX",2026-03-14 20:25:23.857377
APP-2026-000514,49,30000,Salaried,627,70000,48,0,"San Antonio, TX",2026-06-02 16:11:43.857377
APP-2026-000515,40,30000,Business Owner,570,50000,300,10000,"Las Vegas, NV",2026-04-30 19:13:28.857377
APP-2026-000516,45,91556,Self-Employed,646,425000,312,15000,"Atlanta, GA",2026-01-19 20:50:26.857377
APP-2026-000517,31,74027,Business Owner,566,190000,264,10000,"Miami, FL",2026-03-20 11:16:42.857377
APP-2026-000518,58,30000,Self-Employed,736,75000,60,0,"Nashville, TN",2026-04-08 09:28:38.857377
APP-2026-000519,57,55811,Freelancer,624,100000,192,20000,"Seattle, WA",2026-05-11 19:26:34.857377
APP-2026-000520,51,30000,Salaried,522,75000,24,0,"Jacksonville, FL",2026-06-30 20:34:38.857377
APP-2026-000521,49,30000,Salaried,581,150000,252,0,"Houston, TX",2026-03-06 18:42:22.857377
APP-2026-000522,58,30000,Business Owner,738,160000,72,12000,"Los Angeles, CA",2026-05-26 18:43:41.857377
APP-2026-000523,39,60821,Self-Employed,740,295000,156,0,"Austin, TX",2026-04-22 09:00:06.857377
APP-2026-000524,52,33594,Salaried,639,50000,108,7000,"Las Vegas, NV",2026-05-14 16:37:44.857377
APP-2026-000525,49,114129,Salaried,583,175000,228,44000,"Jacksonville, FL",2026-04-12 15:49:43.857377
APP-2026-000526,53,105653,Salaried,730,510000,228,34000,"Phoenix, AZ",2026-03-31 08:30:06.857377
APP-2026-000527,69,82369,Freelancer,810,445000,120,32000,"Chicago, IL",2026-01-31 19:09:22.857377
APP-2026-000528,66,149494,Salaried,640,360000,120,47000,"Nashville, TN",2026-02-23 16:30:22.857377
APP-2026-000529,49,30000,Salaried,769,130000,192,9000,"Las Vegas, NV",2026-06-29 15:20:04.857377
APP-2026-000530,51,34443,Self-Employed,627,145000,120,7000,"Atlanta, GA",2026-01-31 08:54:21.857377
APP-2026-000531,68,36423,Self-Employed,575,75000,252,12000,"Nashville, TN",2026-02-13 19:15:33.857377
APP-2026-000532,55,30000,Self-Employed,709,95000,72,10000,"Austin, TX",2026-05-25 14:29:14.857377
APP-2026-000533,40,47756,Salaried,721,205000,312,20000,"Philadelphia, PA",2026-02-18 18:42:27.857377
APP-2026-000534,60,30000,Salaried,850,60000,156,9000,"Boston, MA",2026-02-21 15:37:27.857377
APP-2026-000535,49,30835,Self-Employed,540,50000,156,1000,"San Antonio, TX",2026-02-23 12:48:45.857377
APP-2026-000536,58,30000,Self-Employed,668,150000,312,0,"Denver, CO",2026-01-28 20:55:34.857377
APP-2026-000537,48,68826,Salaried,730,180000,72,28000,"San Antonio, TX",2026-04-29 09:16:42.857377
APP-2026-000538,35,44468,Business Owner,745,145000,336,19000,"Miami, FL",2026-03-23 17:24:39.857377
APP-2026-000539,42,30000,Salaried,663,50000,156,4000,"Jacksonville, FL",2026-04-02 15:39:11.857377
APP-2026-000540,36,31526,Salaried,556,60000,324,3000,"Nashville, TN",2026-03-19 17:37:05.857377
APP-2026-000541,24,30000,Freelancer,583,70000,264,3000,"Houston, TX",2026-03-04 12:07:11.857377
APP-2026-000542,32,30000,Self-Employed,576,50000,144,4000,"Indianapolis, IN",2026-04-11 14:38:08.857377
APP-2026-000543,40,47365,Salaried,677,125000,228,14000,"Philadelphia, PA",2026-05-06 18:34:44.857377
APP-2026-000544,34,30000,Self-Employed,704,105000,360,3000,"Philadelphia, PA",2026-05-24 10:31:18.857377
APP-2026-000545,27,67852,Salaried,673,180000,60,28000,"Detroit, MI",2026-04-27 17:03:55.857377
APP-2026-000546,35,33076,Salaried,629,145000,144,0,"San Francisco, CA",2026-02-05 11:52:24.857377
APP-2026-000547,66,69655,Freelancer,646,250000,216,29000,"San Francisco, CA",2026-04-16 18:31:26.857377
APP-2026-000548,54,30000,Salaried,640,130000,276,0,"San Francisco, CA",2026-02-13 09:36:01.857377
APP-2026-000549,18,30000,Freelancer,756,90000,312,0,"San Jose, CA",2026-01-10 12:14:34.857377
APP-2026-000550,40,30000,Freelancer,522,60000,120,4000,"Charlotte, NC",2026-05-26 19:49:49.857377
APP-2026-000551,67,133354,Salaried,581,490000,192,29000,"Houston, TX",2026-05-28 09:17:49.857377
APP-2026-000552,52,30000,Self-Employed,712,65000,216,0,"Jacksonville, FL",2026-05-20 20:02:48.857377
APP-2026-000553,34,30000,Salaried,636,155000,288,14000,"San Antonio, TX",2026-04-20 09:47:53.857377
APP-2026-000554,55,30000,Salaried,697,140000,252,0,"San Jose, CA",2026-01-10 15:16:22.857377
APP-2026-000555,36,30199,Self-Employed,712,65000,336,0,"Charlotte, NC",2026-02-01 20:51:15.857377
APP-2026-000556,50,30000,Salaried,734,145000,84,0,"Denver, CO",2026-06-27 13:55:45.857377
APP-2026-000557,34,30000,Salaried,703,120000,240,11000,"Philadelphia, PA",2026-06-08 10:50:13.857377
APP-2026-000558,49,32420,Salaried,585,60000,324,8000,"Los Angeles, CA",2026-05-27 13:34:17.857377
APP-2026-000559,33,30000,Salaried,674,100000,240,11000,"Austin, TX",2026-07-01 12:18:36.857377
APP-2026-000560,55,35038,Salaried,582,135000,108,0,"Indianapolis, IN",2026-06-24 09:08:48.857377
APP-2026-000561,59,30000,Salaried,691,115000,312,13000,"Los Angeles, CA",2026-03-13 18:08:44.857377
APP-2026-000562,19,54535,Salaried,850,85000,336,16000,"Phoenix, AZ",2026-03-25 11:48:53.857377
APP-2026-000563,59,30487,Salaried,676,70000,264,2000,"Phoenix, AZ",2026-05-29 18:17:40.857377
APP-2026-000564,39,30000,Self-Employed,706,75000,168,3000,"Chicago, IL",2026-06-13 20:56:49.857377
APP-2026-000565,59,30000,Salaried,637,135000,36,4000,"Las Vegas, NV",2026-03-14 19:59:56.857377
APP-2026-000566,49,62843,Business Owner,827,190000,144,5000,"San Francisco, CA",2026-03-26 17:00:55.857377
APP-2026-000567,63,40549,Salaried,664,215000,300,0,"Chicago, IL",2026-04-29 18:42:44.857377
APP-2026-000568,44,54411,Salaried,695,210000,144,0,"Nashville, TN",2026-05-18 14:13:27.857377
APP-2026-000569,30,90898,Freelancer,608,235000,324,43000,"Dallas, TX",2026-03-25 12:21:35.857377
APP-2026-000570,56,73191,Business Owner,797,200000,228,14000,"Minneapolis, MN",2026-05-06 20:21:57.857377
APP-2026-000571,43,30000,Salaried,759,155000,264,0,"Los Angeles, CA",2026-01-27 18:50:53.857377
APP-2026-000572,39,30000,Business Owner,587,50000,180,2000,"Baltimore, MD",2026-02-11 15:29:00.857377
APP-2026-000573,48,30000,Salaried,675,105000,168,4000,"Atlanta, GA",2026-02-04 18:19:10.857377
APP-2026-000574,50,191091,Freelancer,650,860000,336,0,"Dallas, TX",2026-01-25 18:23:16.857377
APP-2026-000575,55,41495,Freelancer,604,125000,36,18000,"Memphis, TN",2026-06-17 10:03:25.857377
APP-2026-000576,65,90083,Salaried,591,200000,252,11000,"Atlanta, GA",2026-03-02 14:41:05.857377
APP-2026-000577,34,30000,Freelancer,708,105000,276,5000,"San Antonio, TX",2026-05-04 09:08:37.857377
APP-2026-000578,38,30000,Self-Employed,674,95000,96,3000,"Charlotte, NC",2026-01-04 08:44:21.857377
APP-2026-000579,46,30000,Business Owner,781,120000,324,14000,"Minneapolis, MN",2026-04-20 19:08:30.857377
APP-2026-000580,34,44856,Self-Employed,781,225000,36,10000,"Chicago, IL",2026-01-28 09:20:23.857377
APP-2026-000581,50,54453,Salaried,589,105000,348,26000,"Fort Worth, TX",2026-02-05 18:43:09.857377
APP-2026-000582,73,122163,Salaried,728,505000,36,35000,"New York, NY",2026-06-07 18:10:28.857377
APP-2026-000583,24,57860,Business Owner,527,95000,144,0,"Miami, FL",2026-02-09 14:39:43.857377
APP-2026-000584,34,40279,Salaried,655,95000,180,0,"Chicago, IL",2026-01-27 10:48:07.857377
APP-2026-000585,28,61239,Self-Employed,766,290000,228,0,"Jacksonville, FL",2026-04-21 13:50:08.857377
APP-2026-000586,39,30000,Salaried,653,140000,96,5000,"Chicago, IL",2026-03-06 16:38:38.857377
APP-2026-000587,26,30000,Freelancer,635,140000,288,12000,"Washington, DC",2026-06-27 08:54:54.857377
APP-2026-000588,29,30000,Salaried,501,155000,264,0,"San Antonio, TX",2026-05-14 17:32:12.857377
APP-2026-000589,49,173813,Salaried,480,370000,288,60000,"Miami, FL",2026-01-15 20:57:50.857377
APP-2026-000590,37,38070,Self-Employed,715,65000,96,9000,"Houston, TX",2026-03-04 15:40:38.857377
APP-2026-000591,48,30000,Business Owner,633,85000,36,8000,"New York, NY",2026-04-04 13:08:24.857377
APP-2026-000592,47,91790,Freelancer,653,360000,336,0,"Columbus, OH",2026-04-05 16:43:11.857377
APP-2026-000593,28,30000,Salaried,594,125000,300,10000,"Washington, DC",2026-01-20 08:37:04.857377
APP-2026-000594,23,31811,Salaried,625,65000,12,13000,"Los Angeles, CA",2026-01-17 20:25:32.857377
APP-2026-000595,43,30000,Salaried,692,70000,120,8000,"Indianapolis, IN",2026-04-18 14:44:25.857377
APP-2026-000596,57,48186,Business Owner,659,245000,36,16000,"Seattle, WA",2026-06-08 10:17:05.857377
APP-2026-000597,29,141777,Freelancer,839,455000,120,53000,"Baltimore, MD",2026-02-23 20:09:34.857377
APP-2026-000598,49,30000,Freelancer,701,105000,132,12000,"Miami, FL",2026-06-17 18:41:04.857377
APP-2026-000599,21,30000,Business Owner,732,100000,120,8000,"Las Vegas, NV",2026-03-04 08:15:05.857377
APP-2026-000600,39,62215,Salaried,538,100000,360,10000,"Charlotte, NC",2026-06-07 17:03:19.857377
APP-2026-000601,43,50801,Self-Employed,784,235000,264,0,"Las Vegas, NV",2026-02-15 09:00:45.857377
APP-2026-000602,30,32741,Freelancer,726,80000,60,0,"Philadelphia, PA",2026-05-09 13:33:33.857377
APP-2026-000603,64,85518,Self-Employed,715,200000,312,0,"Dallas, TX",2026-02-13 13:08:47.857377
APP-2026-000604,31,52077,Salaried,530,110000,300,0,"Las Vegas, NV",2026-02-01 20:57:01.857377
APP-2026-000605,41,30000,Freelancer,612,50000,132,0,"Dallas, TX",2026-05-16 09:16:45.857377
APP-2026-000606,42,84033,Salaried,812,200000,228,5000,"San Francisco, CA",2026-04-28 16:23:03.857377
APP-2026-000607,40,30000,Freelancer,668,50000,192,0,"Philadelphia, PA",2026-04-06 10:16:49.857377
APP-2026-000608,53,38823,Salaried,638,60000,48,0,"Portland, OR",2026-01-31 11:47:32.857377
APP-2026-000609,42,37229,Freelancer,672,140000,12,8000,"Minneapolis, MN",2026-01-05 11:02:30.857377
APP-2026-000610,44,37536,Salaried,715,160000,144,6000,"Phoenix, AZ",2026-02-16 08:35:51.857377
APP-2026-000611,42,67782,Self-Employed,672,325000,360,0,"Miami, FL",2026-04-19 11:20:15.857377
APP-2026-000612,37,30000,Salaried,732,140000,168,0,"Austin, TX",2026-03-12 09:36:23.857377
APP-2026-000613,21,30000,Freelancer,447,85000,48,6000,"Memphis, TN",2026-01-15 10:14:51.857377
APP-2026-000614,40,30000,Self-Employed,688,140000,204,0,"Fort Worth, TX",2026-01-19 15:55:18.857377
APP-2026-000615,37,52298,Salaried,615,160000,300,0,"Austin, TX",2026-01-24 16:29:00.857377
APP-2026-000616,28,30000,Salaried,692,90000,144,10000,"Denver, CO",2026-03-20 19:39:15.857377
APP-2026-000617,51,30000,Salaried,599,90000,180,4000,"San Francisco, CA",2026-02-21 19:57:34.857377
APP-2026-000618,35,79241,Self-Employed,721,380000,300,0,"Phoenix, AZ",2026-01-03 14:01:14.857377
APP-2026-000619,31,30000,Self-Employed,792,75000,216,2000,"Detroit, MI",2026-06-28 08:21:00.857377
APP-2026-000620,31,58934,Self-Employed,769,290000,300,10000,"Minneapolis, MN",2026-03-21 09:13:33.857377
APP-2026-000621,72,30000,Salaried,533,110000,96,12000,"Los Angeles, CA",2026-02-07 19:17:05.857377
APP-2026-000622,35,76300,Self-Employed,723,350000,24,0,"Memphis, TN",2026-05-15 14:44:57.857377
APP-2026-000623,52,30000,Salaried,752,80000,144,10000,"Las Vegas, NV",2026-01-23 17:06:32.857377
APP-2026-000624,50,137830,Self-Employed,801,520000,60,33000,"Fort Worth, TX",2026-01-21 17:36:03.857377
APP-2026-000625,56,30000,Salaried,595,120000,168,11000,"Phoenix, AZ",2026-03-03 12:16:54.857377
APP-2026-000626,54,45569,Freelancer,600,75000,132,0,"Fort Worth, TX",2026-06-30 19:20:20.857377
APP-2026-000627,34,98685,Salaried,663,330000,180,5000,"Chicago, IL",2026-02-22 10:49:49.857377
APP-2026-000628,51,31304,Salaried,654,125000,228,7000,"Houston, TX",2026-02-13 15:29:20.857377
APP-2026-000629,29,42259,Salaried,697,70000,168,19000,"Jacksonville, FL",2026-02-24 15:19:29.857377
APP-2026-000630,45,132953,Self-Employed,836,235000,108,0,"Chicago, IL",2026-02-11 20:43:19.857377
APP-2026-000631,47,30000,Salaried,666,60000,324,0,"Boston, MA",2026-01-12 11:53:54.857377
APP-2026-000632,54,30000,Self-Employed,762,125000,132,13000,"Atlanta, GA",2026-03-06 13:25:32.857377
APP-2026-000633,52,84668,Self-Employed,670,125000,24,14000,"Dallas, TX",2026-02-15 08:25:54.857377
APP-2026-000634,48,61213,Self-Employed,588,235000,180,3000,"Seattle, WA",2026-03-06 09:29:06.857377
APP-2026-000635,34,92800,Self-Employed,522,185000,312,0,"Houston, TX",2026-01-05 08:53:49.857377
APP-2026-000636,53,43702,Salaried,731,135000,96,16000,"Detroit, MI",2026-04-14 13:43:40.857377
APP-2026-000637,40,45314,Salaried,606,110000,252,2000,"Denver, CO",2026-03-09 09:01:04.857377
APP-2026-000638,61,92610,Business Owner,690,345000,84,0,"Charlotte, NC",2026-02-03 09:57:54.857377
APP-2026-000639,34,37198,Self-Employed,793,110000,324,0,"Houston, TX",2026-01-12 15:03:10.857377
APP-2026-000640,25,30000,Salaried,663,55000,360,3000,"Detroit, MI",2026-04-13 15:01:24.857377
APP-2026-000641,44,45242,Self-Employed,782,125000,264,8000,"Jacksonville, FL",2026-02-25 10:17:17.857377
APP-2026-000642,49,138845,Self-Employed,604,380000,180,0,"Los Angeles, CA",2026-06-08 17:39:15.857377
APP-2026-000643,49,30000,Salaried,818,125000,252,11000,"Columbus, OH",2026-05-22 15:03:05.857377
APP-2026-000644,53,36312,Self-Employed,766,140000,108,4000,"Columbus, OH",2026-02-22 18:56:51.857377
APP-2026-000645,70,30000,Freelancer,656,160000,204,2000,"Nashville, TN",2026-05-21 20:01:24.857377
APP-2026-000646,42,280337,Self-Employed,628,515000,312,0,"San Francisco, CA",2026-05-21 20:31:22.857377
APP-2026-000647,59,224744,Salaried,768,370000,360,61000,"Austin, TX",2026-04-11 12:11:01.857377
APP-2026-000648,50,30000,Salaried,746,115000,132,13000,"New York, NY",2026-03-14 08:51:30.857377
APP-2026-000649,49,101641,Self-Employed,791,340000,204,13000,"Denver, CO",2026-03-02 10:06:15.857377
APP-2026-000650,28,54297,Salaried,823,275000,264,3000,"Seattle, WA",2026-01-16 20:14:36.857377
APP-2026-000651,40,32065,Freelancer,597,130000,336,0,"Fort Worth, TX",2026-04-02 10:11:15.857377
APP-2026-000652,59,113631,Salaried,633,355000,228,53000,"Las Vegas, NV",2026-06-29 13:58:37.857377
APP-2026-000653,38,30000,Self-Employed,672,50000,12,0,"Jacksonville, FL",2026-05-27 17:09:36.857377
APP-2026-000654,49,38671,Salaried,509,155000,84,0,"Nashville, TN",2026-05-08 16:19:11.857377
APP-2026-000655,31,30000,Salaried,662,90000,192,10000,"Los Angeles, CA",2026-03-02 17:14:01.857377
APP-2026-000656,56,178843,Salaried,617,850000,204,84000,"Austin, TX",2026-06-08 11:51:08.857377
APP-2026-000657,49,40330,Salaried,850,150000,132,0,"Baltimore, MD",2026-03-25 08:01:09.857377
APP-2026-000658,38,30000,Salaried,598,90000,228,0,"Phoenix, AZ",2026-01-30 16:55:23.857377
APP-2026-000659,51,30000,Salaried,686,115000,36,13000,"Portland, OR",2026-04-13 17:06:21.857377
APP-2026-000660,36,30000,Freelancer,753,105000,120,2000,"Philadelphia, PA",2026-04-23 20:40:31.857377
APP-2026-000661,55,40588,Salaried,618,85000,252,9000,"Atlanta, GA",2026-05-25 19:56:59.857377
APP-2026-000662,39,30000,Business Owner,693,135000,240,0,"San Diego, CA",2026-06-21 17:52:11.857377
APP-2026-000663,59,46803,Salaried,850,225000,156,18000,"Atlanta, GA",2026-03-18 10:11:46.857377
APP-2026-000664,40,42462,Salaried,672,210000,12,0,"Denver, CO",2026-04-12 20:36:02.857377
APP-2026-000665,50,30000,Self-Employed,694,100000,72,12000,"Baltimore, MD",2026-06-07 11:40:36.857377
APP-2026-000666,50,30000,Salaried,747,95000,48,0,"Phoenix, AZ",2026-03-27 19:04:15.857377
APP-2026-000667,29,123430,Salaried,747,370000,144,0,"Philadelphia, PA",2026-06-13 09:52:45.857377
APP-2026-000668,47,30000,Salaried,564,140000,264,12000,"Memphis, TN",2026-03-28 15:00:16.857377
APP-2026-000669,23,85063,Freelancer,781,340000,84,34000,"Chicago, IL",2026-04-01 12:50:06.857377
APP-2026-000670,47,30000,Business Owner,819,105000,288,9000,"Fort Worth, TX",2026-04-24 19:26:10.857377
APP-2026-000671,51,30000,Self-Employed,792,105000,348,4000,"Memphis, TN",2026-04-08 13:34:24.857377
APP-2026-000672,51,30000,Salaried,698,60000,48,0,"Nashville, TN",2026-05-29 18:48:43.857377
APP-2026-000673,38,30000,Salaried,669,105000,96,8000,"Chicago, IL",2026-01-10 12:01:20.857377
APP-2026-000674,38,86769,Salaried,649,305000,108,0,"Chicago, IL",2026-03-30 10:56:24.857377
APP-2026-000675,65,165682,Freelancer,723,280000,72,0,"Seattle, WA",2026-01-25 13:38:39.857377
APP-2026-000676,45,41782,Self-Employed,573,70000,348,19000,"New York, NY",2026-04-22 18:10:38.857377
APP-2026-000677,39,70036,Salaried,672,135000,348,19000,"Los Angeles, CA",2026-01-27 13:13:12.857377
APP-2026-000678,44,30000,Business Owner,577,125000,168,14000,"Las Vegas, NV",2026-05-20 12:42:18.857377
APP-2026-000679,40,30000,Self-Employed,772,90000,120,8000,"Los Angeles, CA",2026-04-12 17:35:53.857377
APP-2026-000680,61,30000,Salaried,674,65000,192,2000,"Jacksonville, FL",2026-01-02 14:05:18.857377
APP-2026-000681,46,54498,Self-Employed,606,130000,324,5000,"Boston, MA",2026-05-04 11:06:01.857377
APP-2026-000682,25,54011,Self-Employed,637,195000,84,14000,"San Jose, CA",2026-01-22 15:54:07.857377
APP-2026-000683,34,30000,Freelancer,683,70000,120,0,"San Francisco, CA",2026-05-07 18:16:05.857377
APP-2026-000684,45,30000,Business Owner,543,65000,252,12000,"Philadelphia, PA",2026-04-06 14:23:11.857377
APP-2026-000685,59,30000,Salaried,776,140000,180,13000,"Charlotte, NC",2026-05-01 12:14:53.857377
APP-2026-000686,48,41265,Salaried,650,130000,108,12000,"Phoenix, AZ",2026-06-29 18:06:05.857377
APP-2026-000687,51,30000,Business Owner,711,90000,264,3000,"Seattle, WA",2026-04-17 20:37:14.857377
APP-2026-000688,35,108497,Salaried,586,340000,216,22000,"Fort Worth, TX",2026-05-15 14:34:43.857377
APP-2026-000689,62,160518,Salaried,850,605000,336,0,"Denver, CO",2026-03-03 15:19:05.857377
APP-2026-000690,28,62514,Salaried,615,180000,156,0,"Atlanta, GA",2026-01-10 16:36:57.857377
APP-2026-000691,48,115936,Salaried,729,540000,204,0,"Portland, OR",2026-06-09 10:07:48.857377
APP-2026-000692,66,62922,Salaried,797,125000,180,10000,"Philadelphia, PA",2026-02-25 20:12:08.857377
APP-2026-000693,66,30000,Self-Employed,532,130000,24,1000,"Portland, OR",2026-04-23 11:52:40.857377
APP-2026-000694,44,60623,Salaried,689,205000,60,0,"Dallas, TX",2026-03-24 19:58:51.857377
APP-2026-000695,47,30000,Self-Employed,726,150000,36,4000,"Seattle, WA",2026-04-13 16:20:54.857377
APP-2026-000696,18,76800,Self-Employed,694,360000,108,18000,"Baltimore, MD",2026-01-05 20:44:39.857377
APP-2026-000697,48,42414,Self-Employed,634,95000,228,6000,"Columbus, OH",2026-01-30 14:09:09.857377
APP-2026-000698,35,55163,Self-Employed,533,175000,228,18000,"Washington, DC",2026-01-27 09:36:49.857377
APP-2026-000699,45,30000,Salaried,622,140000,48,0,"Minneapolis, MN",2026-05-19 13:56:26.857377
APP-2026-000700,26,85366,Business Owner,728,130000,108,10000,"San Francisco, CA",2026-05-28 17:30:02.857377
APP-2026-000701,43,80784,Self-Employed,780,420000,72,40000,"Phoenix, AZ",2026-06-09 17:43:44.857377
APP-2026-000702,58,30000,Freelancer,760,50000,156,4000,"Memphis, TN",2026-03-27 19:15:03.857377
APP-2026-000703,41,52089,Salaried,843,125000,288,20000,"Dallas, TX",2026-04-07 08:21:52.857377
APP-2026-000704,45,30000,Salaried,766,70000,312,14000,"Dallas, TX",2026-05-07 19:43:06.857377
APP-2026-000705,51,42193,Salaried,735,180000,336,20000,"San Jose, CA",2026-04-25 20:52:20.857377
APP-2026-000706,53,30000,Self-Employed,657,130000,108,0,"Boston, MA",2026-06-16 09:12:28.857377
APP-2026-000707,28,48107,Self-Employed,625,195000,84,0,"Columbus, OH",2026-05-06 20:33:55.857377
APP-2026-000708,23,30000,Salaried,741,75000,144,0,"Indianapolis, IN",2026-02-11 09:19:45.857377
APP-2026-000709,52,30000,Business Owner,787,150000,204,12000,"Washington, DC",2026-05-16 17:01:11.857377
APP-2026-000710,36,30000,Salaried,587,100000,84,0,"San Antonio, TX",2026-01-16 11:02:29.857377
APP-2026-000711,41,30000,Salaried,700,80000,24,0,"Atlanta, GA",2026-02-21 12:23:52.857377
APP-2026-000712,47,30000,Self-Employed,713,155000,180,10000,"Miami, FL",2026-02-02 18:01:15.857377
APP-2026-000713,45,30000,Self-Employed,596,80000,144,12000,"Charlotte, NC",2026-02-16 15:37:35.857377
APP-2026-000714,45,32757,Self-Employed,707,145000,144,13000,"Detroit, MI",2026-03-09 19:53:44.857377
APP-2026-000715,43,47617,Freelancer,712,210000,36,16000,"Fort Worth, TX",2026-01-14 10:54:36.857377
APP-2026-000716,36,56539,Salaried,650,95000,300,0,"Minneapolis, MN",2026-02-27 18:14:43.857377
APP-2026-000717,42,154077,Freelancer,590,745000,84,45000,"Columbus, OH",2026-05-13 08:55:49.857377
APP-2026-000718,40,58834,Self-Employed,611,230000,300,15000,"San Francisco, CA",2026-02-04 18:11:38.857377
APP-2026-000719,49,49131,Self-Employed,777,145000,312,21000,"Dallas, TX",2026-06-06 20:19:45.857377
APP-2026-000720,57,30000,Salaried,706,150000,276,2000,"Columbus, OH",2026-04-08 13:29:16.857377
APP-2026-000721,45,42185,Self-Employed,606,220000,84,7000,"Portland, OR",2026-05-15 17:25:37.857377
APP-2026-000722,34,30000,Salaried,788,50000,48,8000,"Portland, OR",2026-04-07 16:41:38.857377
APP-2026-000723,44,43355,Salaried,702,140000,240,19000,"Portland, OR",2026-01-29 15:04:21.857377
APP-2026-000724,19,486248,Salaried,850,2000000,108,79000,"Minneapolis, MN",2026-03-13 12:41:45.857377
APP-2026-000725,47,30000,Self-Employed,548,135000,348,4000,"San Antonio, TX",2026-02-09 16:48:15.857377
APP-2026-000726,23,54041,Salaried,765,180000,348,8000,"Minneapolis, MN",2026-06-04 14:42:20.857377
APP-2026-000727,46,136078,Salaried,743,390000,264,10000,"New York, NY",2026-06-18 15:18:16.857377
APP-2026-000728,43,30000,Salaried,572,50000,360,13000,"Fort Worth, TX",2026-01-11 17:45:36.857377
APP-2026-000729,50,62546,Salaried,705,200000,324,6000,"Las Vegas, NV",2026-02-27 18:34:40.857377
APP-2026-000730,47,30000,Salaried,694,115000,312,11000,"Portland, OR",2026-04-03 16:19:54.857377
APP-2026-000731,43,30000,Freelancer,624,125000,72,0,"Memphis, TN",2026-05-24 10:18:06.857377
APP-2026-000732,21,90285,Freelancer,682,135000,192,36000,"Dallas, TX",2026-05-25 20:58:11.857377
APP-2026-000733,48,35673,Salaried,699,195000,264,0,"Miami, FL",2026-01-24 11:22:14.857377
APP-2026-000734,25,30000,Salaried,784,90000,288,0,"Columbus, OH",2026-03-27 13:16:37.857377
APP-2026-000735,52,30000,Salaried,594,70000,120,2000,"Houston, TX",2026-05-02 08:55:40.857377
APP-2026-000736,35,43840,Salaried,573,135000,228,9000,"Boston, MA",2026-01-20 15:56:12.857377
APP-2026-000737,20,33899,Salaried,595,90000,204,4000,"Portland, OR",2026-04-09 16:19:26.857377
APP-2026-000738,32,30000,Self-Employed,703,55000,24,0,"Phoenix, AZ",2026-02-06 11:21:26.857377
APP-2026-000739,50,30000,Self-Employed,726,65000,228,0,"Charlotte, NC",2026-02-07 13:55:45.857377
APP-2026-000740,40,127502,Business Owner,685,650000,72,0,"San Francisco, CA",2026-03-28 18:11:20.857377
APP-2026-000741,37,30000,Salaried,568,110000,252,3000,"Charlotte, NC",2026-03-13 11:48:49.857377
APP-2026-000742,25,30000,Salaried,721,105000,72,12000,"Philadelphia, PA",2026-05-07 20:48:49.857377
APP-2026-000743,54,102787,Salaried,611,305000,36,24000,"Columbus, OH",2026-06-13 14:25:27.857377
APP-2026-000744,46,30000,Salaried,670,90000,192,14000,"Los Angeles, CA",2026-05-18 11:46:23.857377
APP-2026-000745,49,30000,Salaried,676,135000,12,0,"Washington, DC",2026-05-17 11:01:43.857377
APP-2026-000746,47,94631,Salaried,561,195000,12,44000,"San Diego, CA",2026-02-28 19:56:22.857377
APP-2026-000747,59,53355,Salaried,580,215000,120,11000,"Fort Worth, TX",2026-05-10 17:19:10.857377
APP-2026-000748,31,46077,Freelancer,593,135000,36,0,"San Jose, CA",2026-03-17 15:46:33.857377
APP-2026-000749,41,30000,Salaried,758,115000,240,10000,"Columbus, OH",2026-06-26 10:21:57.857377
APP-2026-000750,28,86915,Salaried,642,290000,192,35000,"San Antonio, TX",2026-02-13 20:25:01.857377
APP-2026-000751,41,68931,Self-Employed,650,270000,96,10000,"Phoenix, AZ",2026-02-25 19:01:37.857377
APP-2026-000752,43,30000,Salaried,664,80000,204,2000,"Jacksonville, FL",2026-06-17 20:02:24.857377
APP-2026-000753,32,35018,Salaried,705,175000,348,10000,"Washington, DC",2026-05-18 17:03:38.857377
APP-2026-000754,64,30000,Salaried,692,150000,24,5000,"Miami, FL",2026-01-07 08:44:07.857377
APP-2026-000755,60,30000,Salaried,756,50000,168,4000,"Houston, TX",2026-05-22 12:30:44.857377
APP-2026-000756,47,30000,Self-Employed,664,155000,60,7000,"Portland, OR",2026-06-12 08:19:26.857377
APP-2026-000757,48,33477,Salaried,504,170000,264,10000,"Indianapolis, IN",2026-03-12 17:38:44.857377
APP-2026-000758,43,63214,Salaried,726,200000,60,27000,"Memphis, TN",2026-01-28 16:46:39.857377
APP-2026-000759,59,30000,Business Owner,791,140000,48,12000,"Nashville, TN",2026-01-29 15:12:38.857377
APP-2026-000760,53,30000,Salaried,669,125000,84,0,"Detroit, MI",2026-05-15 11:22:45.857377
APP-2026-000761,64,30000,Salaried,589,130000,168,8000,"Los Angeles, CA",2026-05-22 15:58:13.857377
APP-2026-000762,50,30000,Self-Employed,605,100000,276,0,"Austin, TX",2026-03-03 08:00:42.857377
APP-2026-000763,34,30000,Freelancer,828,75000,36,0,"Detroit, MI",2026-05-28 18:31:09.857377
APP-2026-000764,47,30000,Salaried,668,50000,36,0,"Chicago, IL",2026-01-27 12:41:14.857377
APP-2026-000765,54,30000,Freelancer,585,130000,180,0,"San Jose, CA",2026-03-10 15:03:06.857377
APP-2026-000766,47,122390,Freelancer,732,660000,324,37000,"Los Angeles, CA",2026-03-17 13:51:43.857377
APP-2026-000767,59,30000,Salaried,760,115000,132,6000,"Houston, TX",2026-01-26 20:56:02.857377
APP-2026-000768,38,92195,Salaried,673,455000,12,0,"Portland, OR",2026-06-16 10:21:22.857377
APP-2026-000769,46,32356,Freelancer,657,65000,348,11000,"Boston, MA",2026-03-11 19:05:23.857377
APP-2026-000770,29,208413,Salaried,725,485000,324,14000,"Houston, TX",2026-04-14 14:29:17.857377
APP-2026-000771,52,30000,Freelancer,621,155000,324,11000,"Minneapolis, MN",2026-05-04 20:26:41.857377
APP-2026-000772,67,37776,Salaried,741,60000,348,0,"Houston, TX",2026-02-04 19:46:03.857377
APP-2026-000773,37,48556,Salaried,850,185000,336,6000,"Columbus, OH",2026-06-02 15:51:36.857377
APP-2026-000774,60,116590,Business Owner,560,510000,264,54000,"Boston, MA",2026-04-09 20:22:39.857377
APP-2026-000775,51,115594,Salaried,769,450000,12,0,"Memphis, TN",2026-02-04 15:58:31.857377
APP-2026-000776,63,452093,Salaried,590,1615000,48,0,"Charlotte, NC",2026-01-13 09:16:41.857377
APP-2026-000777,51,30000,Salaried,669,120000,132,7000,"Minneapolis, MN",2026-06-24 16:49:47.857377
APP-2026-000778,35,51783,Salaried,543,270000,228,0,"San Diego, CA",2026-06-22 13:33:33.857377
APP-2026-000779,45,69976,Salaried,513,360000,276,0,"Houston, TX",2026-04-22 18:46:15.857377
APP-2026-000780,41,37175,Self-Employed,658,125000,192,3000,"Portland, OR",2026-06-15 14:09:53.857377
APP-2026-000781,45,53003,Self-Employed,672,170000,324,4000,"Boston, MA",2026-01-15 08:41:59.857377
APP-2026-000782,25,30000,Self-Employed,631,135000,72,2000,"San Francisco, CA",2026-05-08 10:04:48.857377
APP-2026-000783,33,42571,Salaried,774,105000,192,10000,"Austin, TX",2026-03-14 08:32:14.857377
APP-2026-000784,42,34583,Self-Employed,635,130000,216,6000,"Fort Worth, TX",2026-03-03 09:29:28.857377
APP-2026-000785,36,30000,Salaried,697,160000,312,14000,"Chicago, IL",2026-05-09 15:20:07.857377
APP-2026-000786,41,45452,Self-Employed,761,120000,192,0,"New York, NY",2026-01-28 14:26:02.857377
APP-2026-000787,36,202558,Salaried,615,560000,216,94000,"Detroit, MI",2026-01-25 20:38:39.857377
APP-2026-000788,56,35673,Business Owner,624,140000,252,10000,"Indianapolis, IN",2026-05-25 11:41:42.857377
APP-2026-000789,35,30000,Freelancer,736,55000,180,0,"Jacksonville, FL",2026-01-15 11:54:29.857377
APP-2026-000790,75,108666,Salaried,549,455000,132,51000,"Boston, MA",2026-06-04 15:45:42.857377
APP-2026-000791,32,42834,Self-Employed,639,210000,144,0,"Houston, TX",2026-01-26 20:42:14.857377
APP-2026-000792,62,66165,Self-Employed,702,130000,12,12000,"Detroit, MI",2026-06-13 20:18:35.857377
APP-2026-000793,54,89491,Salaried,725,300000,204,13000,"Houston, TX",2026-01-13 10:31:08.857377
APP-2026-000794,36,30000,Salaried,689,100000,324,0,"Las Vegas, NV",2026-04-16 09:16:39.857377
APP-2026-000795,40,30000,Salaried,647,110000,84,1000,"Baltimore, MD",2026-04-12 11:29:52.857377
APP-2026-000796,62,34647,Freelancer,639,170000,312,3000,"Austin, TX",2026-01-29 20:26:02.857377
APP-2026-000797,55,38709,Salaried,665,200000,360,15000,"Portland, OR",2026-06-01 09:49:57.857377
APP-2026-000798,46,41507,Salaried,713,215000,180,7000,"Denver, CO",2026-05-11 10:31:00.857377
APP-2026-000799,59,30000,Freelancer,731,50000,204,0,"Seattle, WA",2026-04-22 17:30:59.857377
APP-2026-000800,54,30000,Salaried,617,160000,204,0,"Baltimore, MD",2026-02-16 19:37:11.857377
APP-2026-000801,61,73788,Business Owner,776,235000,288,0,"Houston, TX",2026-04-11 18:38:38.857377
APP-2026-000802,39,30937,Business Owner,698,70000,348,6000,"Memphis, TN",2026-04-10 14:38:58.857377
APP-2026-000803,37,112937,Self-Employed,810,270000,276,0,"Dallas, TX",2026-04-13 13:18:28.857377
APP-2026-000804,40,32331,Salaried,654,70000,312,6000,"Columbus, OH",2026-06-05 19:56:47.857377
APP-2026-000805,37,32537,Self-Employed,814,100000,204,11000,"Atlanta, GA",2026-05-22 13:45:47.857377
APP-2026-000806,57,40494,Salaried,470,170000,360,14000,"San Antonio, TX",2026-02-22 11:39:45.857377
APP-2026-000807,43,30000,Business Owner,685,150000,120,11000,"Baltimore, MD",2026-06-23 10:45:41.857377
APP-2026-000808,18,105917,Freelancer,709,350000,72,27000,"Atlanta, GA",2026-06-14 13:45:07.857377
APP-2026-000809,49,33662,Self-Employed,618,120000,300,8000,"San Francisco, CA",2026-05-31 17:42:45.857377
APP-2026-000810,44,30000,Freelancer,705,110000,168,2000,"Memphis, TN",2026-05-18 12:56:54.857377
APP-2026-000811,45,53309,Salaried,771,140000,168,0,"Indianapolis, IN",2026-01-29 08:24:09.857377
APP-2026-000812,43,30000,Salaried,660,135000,24,7000,"San Antonio, TX",2026-03-11 20:50:10.857377
APP-2026-000813,37,30000,Salaried,665,160000,120,8000,"Phoenix, AZ",2026-01-17 19:50:18.857377
APP-2026-000814,50,154929,Business Owner,652,260000,84,0,"Los Angeles, CA",2026-04-03 15:06:39.857377
APP-2026-000815,48,30000,Salaried,672,115000,336,7000,"Seattle, WA",2026-02-28 19:41:35.857377
APP-2026-000816,31,31954,Self-Employed,754,105000,156,7000,"Nashville, TN",2026-06-29 12:44:42.857377
APP-2026-000817,58,30000,Business Owner,680,95000,24,0,"Fort Worth, TX",2026-04-18 20:43:20.857377
APP-2026-000818,51,44131,Salaried,592,115000,216,10000,"Las Vegas, NV",2026-03-07 11:39:55.857377
APP-2026-000819,35,40924,Salaried,719,100000,300,0,"Charlotte, NC",2026-02-28 18:45:45.857377
APP-2026-000820,18,30000,Salaried,659,160000,252,14000,"Denver, CO",2026-05-21 19:38:12.857377
APP-2026-000821,54,30000,Business Owner,654,75000,300,0,"San Antonio, TX",2026-03-18 15:11:43.857377
APP-2026-000822,45,160382,Self-Employed,641,875000,36,28000,"Philadelphia, PA",2026-05-13 09:24:02.857377
APP-2026-000823,68,225122,Salaried,679,880000,168,34000,"Dallas, TX",2026-02-04 10:37:54.857377
APP-2026-000824,59,161951,Self-Employed,713,880000,108,52000,"Charlotte, NC",2026-02-10 08:09:59.857377
APP-2026-000825,60,30000,Salaried,554,95000,132,12000,"Washington, DC",2026-06-11 17:53:42.857377
APP-2026-000826,30,116147,Self-Employed,673,330000,120,48000,"Denver, CO",2026-05-22 13:04:50.857377
APP-2026-000827,35,30000,Self-Employed,693,95000,276,14000,"San Diego, CA",2026-02-18 16:04:50.857377
APP-2026-000828,71,85842,Salaried,696,320000,204,37000,"Seattle, WA",2026-05-19 14:05:22.857377
APP-2026-000829,64,59728,Salaried,672,180000,96,0,"Portland, OR",2026-03-27 13:23:18.857377
APP-2026-000830,34,30000,Business Owner,723,155000,84,0,"Boston, MA",2026-05-17 15:35:52.857377
APP-2026-000831,35,30000,Freelancer,675,80000,300,0,"New York, NY",2026-01-31 18:22:28.857377
APP-2026-000832,50,172936,Salaried,701,765000,96,0,"Boston, MA",2026-06-10 11:02:43.857377
APP-2026-000833,26,30000,Salaried,518,65000,348,5000,"Baltimore, MD",2026-01-31 14:16:34.857377
APP-2026-000834,43,34389,Salaried,709,130000,288,16000,"Baltimore, MD",2026-05-14 20:23:32.857377
APP-2026-000835,54,30000,Self-Employed,617,125000,312,2000,"San Francisco, CA",2026-01-13 12:57:41.857377
APP-2026-000836,47,121455,Salaried,728,590000,84,7000,"Chicago, IL",2026-01-26 10:49:34.857377
APP-2026-000837,43,95232,Salaried,776,350000,216,10000,"Chicago, IL",2026-02-24 18:40:49.857377
APP-2026-000838,26,30000,Salaried,616,90000,84,0,"Columbus, OH",2026-01-28 11:34:53.857377
APP-2026-000839,33,63751,Salaried,703,335000,276,0,"Las Vegas, NV",2026-04-23 18:52:04.857377
APP-2026-000840,44,30000,Salaried,738,80000,288,5000,"New York, NY",2026-04-29 19:21:02.857377
APP-2026-000841,63,37278,Freelancer,647,155000,36,7000,"Philadelphia, PA",2026-03-07 16:04:36.857377
APP-2026-000842,57,41093,Salaried,653,125000,324,8000,"Dallas, TX",2026-04-16 14:28:40.857377
APP-2026-000843,57,66714,Salaried,632,215000,156,25000,"New York, NY",2026-04-11 18:07:34.857377
APP-2026-000844,55,62635,Self-Employed,587,320000,12,7000,"Boston, MA",2026-01-18 20:47:37.857377
APP-2026-000845,50,126185,Salaried,514,480000,24,0,"Chicago, IL",2026-04-03 16:06:18.857377
APP-2026-000846,41,41612,Self-Employed,756,145000,312,3000,"Boston, MA",2026-01-24 12:48:59.857377
APP-2026-000847,44,30000,Salaried,681,80000,180,4000,"Detroit, MI",2026-06-20 08:30:10.857377
APP-2026-000848,28,30000,Business Owner,671,145000,216,11000,"Las Vegas, NV",2026-04-12 20:51:54.857377
APP-2026-000849,47,30000,Freelancer,647,120000,216,12000,"Miami, FL",2026-02-07 12:43:56.857377
APP-2026-000850,48,160681,Salaried,758,580000,360,0,"Minneapolis, MN",2026-06-16 13:00:35.857377
APP-2026-000851,46,30000,Salaried,540,110000,336,3000,"Houston, TX",2026-01-12 08:36:38.857377
APP-2026-000852,38,80463,Salaried,731,150000,156,9000,"Chicago, IL",2026-03-21 11:47:47.857377
APP-2026-000853,45,84384,Salaried,703,415000,348,0,"San Antonio, TX",2026-04-17 18:54:32.857377
APP-2026-000854,35,51045,Salaried,768,95000,60,3000,"San Diego, CA",2026-06-08 12:12:07.857377
APP-2026-000855,37,30000,Salaried,726,115000,72,12000,"Denver, CO",2026-01-15 20:59:35.857377
APP-2026-000856,43,30000,Self-Employed,707,75000,180,10000,"Chicago, IL",2026-03-17 18:04:16.857377
APP-2026-000857,34,30000,Business Owner,741,160000,48,14000,"Denver, CO",2026-05-06 13:22:08.857377
APP-2026-000858,51,105272,Salaried,785,430000,264,51000,"Houston, TX",2026-03-15 17:04:57.857377
APP-2026-000859,43,71503,Salaried,766,305000,84,18000,"Charlotte, NC",2026-03-27 17:42:19.857377
APP-2026-000860,39,33408,Salaried,629,170000,276,11000,"Denver, CO",2026-05-27 13:51:20.857377
APP-2026-000861,48,30000,Salaried,674,100000,168,6000,"Austin, TX",2026-03-06 20:14:45.857377
APP-2026-000862,47,89310,Self-Employed,781,225000,288,17000,"Dallas, TX",2026-04-04 10:43:46.857377
APP-2026-000863,49,30000,Salaried,760,150000,132,0,"Charlotte, NC",2026-04-26 13:49:19.857377
APP-2026-000864,48,30000,Salaried,501,125000,192,12000,"Philadelphia, PA",2026-06-16 17:05:53.857377
APP-2026-000865,39,30000,Freelancer,652,110000,108,0,"Phoenix, AZ",2026-05-19 11:16:46.857377
APP-2026-000866,51,30638,Salaried,774,110000,348,2000,"Las Vegas, NV",2026-01-21 08:54:32.857377
APP-2026-000867,50,120254,Salaried,640,205000,252,37000,"Denver, CO",2026-05-30 14:49:37.857377
APP-2026-000868,39,39206,Freelancer,632,110000,84,0,"Seattle, WA",2026-03-09 16:57:34.857377
APP-2026-000869,58,30000,Salaried,775,130000,192,10000,"Phoenix, AZ",2026-04-05 14:14:57.857377
APP-2026-000870,67,30000,Salaried,587,60000,300,10000,"Minneapolis, MN",2026-03-17 10:29:32.857377
APP-2026-000871,31,52713,Salaried,705,205000,204,21000,"Jacksonville, FL",2026-05-10 08:42:15.857377
APP-2026-000872,60,71442,Salaried,721,320000,336,0,"Boston, MA",2026-06-26 10:48:32.857377
APP-2026-000873,39,66519,Self-Employed,695,105000,60,20000,"Philadelphia, PA",2026-05-26 17:42:55.857377
APP-2026-000874,44,55071,Salaried,614,130000,60,0,"San Francisco, CA",2026-04-03 08:14:48.857377
APP-2026-000875,55,35976,Salaried,713,125000,192,16000,"Dallas, TX",2026-04-06 11:02:42.857377
APP-2026-000876,38,49828,Salaried,603,105000,84,17000,"Nashville, TN",2026-04-04 14:30:58.857377
APP-2026-000877,62,55905,Salaried,506,300000,180,0,"Los Angeles, CA",2026-06-17 13:06:45.857377
APP-2026-000878,30,30000,Salaried,596,110000,204,4000,"Dallas, TX",2026-03-10 17:34:36.857377
APP-2026-000879,42,49193,Freelancer,703,250000,72,6000,"Fort Worth, TX",2026-04-05 17:41:57.857377
APP-2026-000880,36,34913,Business Owner,719,145000,324,6000,"Dallas, TX",2026-04-08 11:33:25.857377
APP-2026-000881,37,30000,Salaried,788,60000,144,0,"Jacksonville, FL",2026-05-06 20:30:56.857377
APP-2026-000882,40,47986,Salaried,608,90000,240,6000,"Memphis, TN",2026-02-06 15:10:14.857377
APP-2026-000883,61,30000,Self-Employed,774,120000,36,5000,"Dallas, TX",2026-02-25 10:11:10.857377
APP-2026-000884,58,34804,Freelancer,635,130000,144,14000,"Detroit, MI",2026-02-01 18:14:26.857377
APP-2026-000885,58,94835,Business Owner,739,180000,312,38000,"Houston, TX",2026-05-05 18:30:30.857377
APP-2026-000886,37,30482,Self-Employed,741,95000,84,7000,"Miami, FL",2026-04-17 08:15:02.857377
APP-2026-000887,57,30000,Business Owner,709,75000,60,2000,"Philadelphia, PA",2026-02-05 18:32:02.857377
APP-2026-000888,52,50434,Self-Employed,661,220000,348,8000,"Los Angeles, CA",2026-02-13 12:59:11.857377
APP-2026-000889,62,30000,Salaried,636,120000,204,0,"Boston, MA",2026-05-26 18:01:56.857377
APP-2026-000890,52,133672,Salaried,551,205000,288,0,"Detroit, MI",2026-03-15 09:13:28.857377
APP-2026-000891,42,51402,Freelancer,748,275000,240,0,"Minneapolis, MN",2026-05-05 10:14:53.857377
APP-2026-000892,30,36488,Freelancer,748,70000,168,17000,"Nashville, TN",2026-05-31 20:11:39.857377
APP-2026-000893,37,30000,Salaried,644,55000,264,6000,"Philadelphia, PA",2026-06-26 13:59:29.857377
APP-2026-000894,58,37140,Salaried,688,80000,240,18000,"San Diego, CA",2026-04-08 14:08:06.857377
APP-2026-000895,38,70635,Salaried,738,245000,12,30000,"Minneapolis, MN",2026-05-11 18:26:52.857377
APP-2026-000896,46,150372,Self-Employed,643,330000,60,31000,"Philadelphia, PA",2026-05-03 17:38:02.857377
APP-2026-000897,37,42488,Salaried,691,140000,348,0,"Indianapolis, IN",2026-02-01 09:30:42.857377
APP-2026-000898,45,30000,Freelancer,783,115000,60,0,"Seattle, WA",2026-01-02 20:43:41.857377
APP-2026-000899,42,76878,Self-Employed,586,155000,168,7000,"Jacksonville, FL",2026-01-13 19:33:27.857377
APP-2026-000900,66,30000,Self-Employed,626,80000,96,0,"San Francisco, CA",2026-04-09 13:37:51.857377
APP-2026-000901,29,36973,Business Owner,795,75000,288,0,"Detroit, MI",2026-06-29 17:06:27.857377
APP-2026-000902,38,30000,Self-Employed,850,50000,60,7000,"Washington, DC",2026-03-02 09:18:38.857377
APP-2026-000903,39,144492,Self-Employed,733,555000,348,20000,"Dallas, TX",2026-02-19 08:45:47.857377
APP-2026-000904,38,60592,Freelancer,574,190000,312,10000,"Indianapolis, IN",2026-02-01 16:00:24.857377
APP-2026-000905,49,70984,Salaried,564,280000,252,15000,"Nashville, TN",2026-03-23 14:23:06.857377
APP-2026-000906,44,36109,Salaried,694,135000,60,16000,"Denver, CO",2026-03-07 12:54:34.857377
APP-2026-000907,42,110328,Self-Employed,661,250000,168,28000,"Boston, MA",2026-03-13 18:25:48.857377
APP-2026-000908,75,45503,Salaried,666,240000,84,13000,"Nashville, TN",2026-05-24 15:11:23.857377
APP-2026-000909,53,203606,Salaried,616,810000,216,51000,"Dallas, TX",2026-03-21 17:22:49.857377
APP-2026-000910,42,30000,Salaried,735,90000,276,14000,"Phoenix, AZ",2026-06-19 09:47:14.857377
APP-2026-000911,37,137624,Self-Employed,581,525000,180,0,"Philadelphia, PA",2026-01-27 11:32:25.857377
APP-2026-000912,56,53327,Salaried,595,230000,312,21000,"Seattle, WA",2026-06-08 19:43:45.857377
APP-2026-000913,57,126895,Freelancer,661,315000,24,62000,"Miami, FL",2026-01-03 20:05:52.857377
APP-2026-000914,38,117809,Self-Employed,624,275000,60,18000,"Boston, MA",2026-04-23 09:04:16.857377
APP-2026-000915,37,30000,Salaried,673,85000,96,1000,"Boston, MA",2026-01-11 19:24:59.857377
APP-2026-000916,47,77733,Salaried,722,165000,156,31000,"Indianapolis, IN",2026-03-16 19:38:03.857377
APP-2026-000917,39,40091,Self-Employed,600,180000,300,0,"Miami, FL",2026-05-08 15:00:12.857377
APP-2026-000918,27,30000,Business Owner,779,90000,336,11000,"Nashville, TN",2026-05-14 12:12:02.857377
APP-2026-000919,56,35207,Business Owner,719,80000,312,14000,"Indianapolis, IN",2026-06-29 11:39:10.857377
APP-2026-000920,51,30000,Business Owner,741,50000,264,3000,"San Diego, CA",2026-06-18 08:10:05.857377
APP-2026-000921,73,93658,Self-Employed,683,485000,108,0,"Jacksonville, FL",2026-06-22 14:25:37.857377
APP-2026-000922,41,81285,Salaried,721,295000,84,20000,"Las Vegas, NV",2026-07-01 09:58:05.857377
APP-2026-000923,35,36260,Self-Employed,807,120000,216,4000,"Detroit, MI",2026-05-25 17:22:22.857377
APP-2026-000924,45,30000,Freelancer,717,115000,324,3000,"Boston, MA",2026-02-20 15:59:25.857377
APP-2026-000925,45,56677,Salaried,570,265000,228,23000,"Philadelphia, PA",2026-04-16 16:06:35.857377
APP-2026-000926,53,36362,Salaried,713,160000,36,3000,"Austin, TX",2026-01-31 20:32:16.857377
APP-2026-000927,68,183908,Salaried,768,905000,348,17000,"Nashville, TN",2026-05-29 12:44:28.857377
APP-2026-000928,41,30069,Freelancer,647,60000,156,11000,"Washington, DC",2026-03-05 20:21:49.857377
APP-2026-000929,48,30000,Salaried,626,120000,180,4000,"Memphis, TN",2026-06-01 08:30:07.857377
APP-2026-000930,53,62165,Salaried,710,305000,108,19000,"Miami, FL",2026-02-27 18:44:14.857377
APP-2026-000931,42,30000,Salaried,762,55000,312,8000,"Jacksonville, FL",2026-05-14 16:00:44.857377
APP-2026-000932,54,60868,Self-Employed,681,185000,324,26000,"San Jose, CA",2026-01-25 14:43:47.857377
APP-2026-000933,18,30000,Salaried,702,90000,324,5000,"Seattle, WA",2026-02-16 15:20:22.857377
APP-2026-000934,48,329118,Salaried,655,1535000,84,0,"Dallas, TX",2026-02-17 19:43:59.857377
APP-2026-000935,19,31691,Salaried,609,105000,360,5000,"Las Vegas, NV",2026-02-22 11:47:15.857377
APP-2026-000936,38,34839,Self-Employed,669,125000,336,7000,"San Diego, CA",2026-02-22 11:53:39.857377
APP-2026-000937,51,34685,Salaried,611,115000,144,13000,"Houston, TX",2026-02-01 09:43:42.857377
APP-2026-000938,35,61685,Salaried,605,195000,192,24000,"Washington, DC",2026-05-20 08:54:30.857377
APP-2026-000939,54,30000,Salaried,651,145000,144,6000,"San Francisco, CA",2026-05-29 12:31:11.857377
APP-2026-000940,49,30000,Business Owner,772,60000,300,0,"Dallas, TX",2026-04-13 11:48:36.857377
APP-2026-000941,44,30000,Salaried,674,155000,60,8000,"Nashville, TN",2026-04-20 15:34:02.857377
APP-2026-000942,47,76024,Self-Employed,595,410000,204,12000,"Minneapolis, MN",2026-06-26 20:11:29.857377
APP-2026-000943,40,40792,Salaried,727,140000,48,7000,"Charlotte, NC",2026-03-23 19:00:00.857377
APP-2026-000944,52,30000,Salaried,619,135000,264,8000,"Denver, CO",2026-01-27 13:23:39.857377
APP-2026-000945,42,30000,Business Owner,773,100000,336,6000,"Seattle, WA",2026-03-10 11:17:30.857377
APP-2026-000946,51,30000,Self-Employed,718,100000,240,9000,"Philadelphia, PA",2026-05-09 14:13:26.857377
APP-2026-000947,46,59480,Self-Employed,749,120000,276,0,"Jacksonville, FL",2026-04-14 12:28:11.857377
APP-2026-000948,56,30000,Salaried,701,70000,228,6000,"Denver, CO",2026-06-26 11:52:06.857377
APP-2026-000949,44,30000,Salaried,637,145000,288,8000,"San Diego, CA",2026-05-24 14:54:24.857377
APP-2026-000950,46,289366,Salaried,771,660000,84,55000,"Las Vegas, NV",2026-02-09 15:51:00.857377
APP-2026-000951,28,51316,Salaried,726,135000,72,5000,"Phoenix, AZ",2026-06-12 16:34:46.857377
APP-2026-000952,52,51848,Self-Employed,616,240000,132,0,"San Jose, CA",2026-03-07 16:54:36.857377
APP-2026-000953,47,49649,Salaried,730,115000,24,4000,"Atlanta, GA",2026-02-12 08:13:52.857377
APP-2026-000954,39,30000,Business Owner,808,120000,108,2000,"Miami, FL",2026-01-26 15:47:21.857377
APP-2026-000955,32,30000,Salaried,594,90000,108,6000,"Seattle, WA",2026-05-24 20:16:22.857377
APP-2026-000956,44,62114,Salaried,728,180000,12,13000,"Jacksonville, FL",2026-06-24 17:12:36.857377
APP-2026-000957,49,30000,Self-Employed,640,55000,228,9000,"Seattle, WA",2026-02-15 20:18:22.857377
APP-2026-000958,31,30000,Self-Employed,786,150000,132,8000,"San Francisco, CA",2026-04-26 09:24:39.857377
APP-2026-000959,39,30000,Freelancer,788,145000,120,13000,"Phoenix, AZ",2026-02-13 18:51:59.857377
APP-2026-000960,60,137445,Freelancer,704,535000,132,17000,"Boston, MA",2026-05-28 14:54:58.857377
APP-2026-000961,52,73547,Salaried,576,205000,36,4000,"Austin, TX",2026-03-01 13:20:41.857377
APP-2026-000962,43,87311,Self-Employed,504,360000,120,0,"Boston, MA",2026-06-16 14:17:56.857377
APP-2026-000963,39,56089,Salaried,665,300000,180,0,"Jacksonville, FL",2026-06-01 16:28:26.857377
APP-2026-000964,47,36407,Business Owner,778,65000,72,6000,"New York, NY",2026-02-03 19:15:42.857377
APP-2026-000965,28,101387,Business Owner,686,390000,108,0,"Atlanta, GA",2026-01-22 11:10:25.857377
APP-2026-000966,36,30000,Salaried,742,145000,48,4000,"Baltimore, MD",2026-05-03 16:03:01.857377
APP-2026-000967,47,98963,Freelancer,606,370000,300,43000,"Washington, DC",2026-01-23 09:16:39.857377
APP-2026-000968,53,53292,Salaried,674,110000,60,12000,"Baltimore, MD",2026-04-11 12:14:15.857377
APP-2026-000969,43,46501,Freelancer,653,85000,288,17000,"Miami, FL",2026-02-03 10:33:53.857377
APP-2026-000970,54,83037,Salaried,624,285000,72,33000,"Portland, OR",2026-04-03 13:55:30.857377
APP-2026-000971,32,30000,Salaried,715,140000,180,0,"Seattle, WA",2026-03-12 16:28:08.857377
APP-2026-000972,18,49596,Self-Employed,502,125000,276,8000,"Denver, CO",2026-06-03 15:40:47.857377
APP-2026-000973,46,45468,Self-Employed,662,180000,252,0,"Columbus, OH",2026-05-16 18:40:34.857377
APP-2026-000974,45,405051,Salaried,730,735000,120,0,"San Francisco, CA",2026-05-20 11:51:05.857377
APP-2026-000975,34,30000,Salaried,736,70000,180,11000,"Columbus, OH",2026-03-09 10:19:00.857377
APP-2026-000976,75,30000,Salaried,643,75000,12,4000,"Washington, DC",2026-02-05 13:18:30.857377
APP-2026-000977,61,102191,Freelancer,621,265000,216,50000,"Baltimore, MD",2026-05-07 20:30:19.857377
APP-2026-000978,43,130438,Salaried,738,465000,12,0,"Nashville, TN",2026-03-17 17:14:50.857377
APP-2026-000979,45,30000,Business Owner,683,95000,12,14000,"San Antonio, TX",2026-04-17 16:27:25.857377
APP-2026-000980,50,30000,Salaried,695,70000,96,7000,"Las Vegas, NV",2026-06-16 14:53:24.857377
APP-2026-000981,72,30000,Salaried,681,140000,96,10000,"Columbus, OH",2026-06-11 11:33:48.857377
APP-2026-000982,29,54545,Business Owner,664,125000,312,0,"Nashville, TN",2026-06-28 18:17:18.857377
APP-2026-000983,47,74697,Self-Employed,850,275000,252,0,"Nashville, TN",2026-03-11 14:12:54.857377
APP-2026-000984,36,30000,Self-Employed,757,55000,36,7000,"San Jose, CA",2026-01-30 18:29:39.857377
APP-2026-000985,54,85550,Business Owner,678,240000,180,21000,"Boston, MA",2026-05-07 11:20:01.857377
APP-2026-000986,23,51192,Freelancer,746,115000,60,22000,"Seattle, WA",2026-01-07 10:06:18.857377
APP-2026-000987,30,30000,Self-Employed,755,90000,108,4000,"Charlotte, NC",2026-01-04 11:05:09.857377
APP-2026-000988,40,30000,Business Owner,580,135000,12,8000,"Austin, TX",2026-04-19 12:50:51.857377
APP-2026-000989,44,45768,Salaried,645,95000,192,0,"Charlotte, NC",2026-06-29 20:02:21.857377
APP-2026-000990,25,59137,Self-Employed,555,310000,36,0,"Phoenix, AZ",2026-01-16 12:49:25.857377
APP-2026-000991,45,83260,Freelancer,819,160000,36,8000,"Philadelphia, PA",2026-02-20 12:52:24.857377
APP-2026-000992,69,30000,Salaried,697,130000,324,1000,"Washington, DC",2026-03-06 14:49:28.857377
APP-2026-000993,56,233220,Business Owner,621,860000,96,0,"Los Angeles, CA",2026-02-21 15:47:49.857377
APP-2026-000994,44,30000,Business Owner,623,65000,48,9000,"San Antonio, TX",2026-05-03 14:43:19.857377
APP-2026-000995,39,33451,Salaried,751,175000,360,5000,"Miami, FL",2026-01-12 19:59:35.857377
APP-2026-000996,31,30000,Business Owner,685,135000,204,10000,"San Francisco, CA",2026-06-14 12:12:23.857377
APP-2026-000997,50,84876,Business Owner,712,300000,348,8000,"Portland, OR",2026-02-26 09:15:40.857377
APP-2026-000998,47,30000,Self-Employed,686,100000,168,9000,"Philadelphia, PA",2026-03-13 17:07:25.857377
APP-2026-000999,52,35956,Salaried,813,140000,312,6000,"Los Angeles, CA",2026-05-30 20:44:30.857377
APP-2026-001000,37,30000,Business Owner,645,60000,276,6000,"Jacksonville, FL",2026-01-24 11:10:31.857377
